"Western Logistics Inc","(206) 223-0050","Seattle","WA","98134","3623 6th Ave S Ste 200"
"Worldwide Express","(206) 420-2830","Seattle","WA","98109","1200 Westlake Ave N"
"ABC Legal Services","(206) 521-9000","Seattle","WA","98104","633 Yesler Way"
"K & D Transport, Inc.","(253) 299-9920","Seattle","WA","98104","800 5th Ave Ste 4100"
"Lee & Eastes Tank Lines Inc","(206) 623-5400","Seattle","WA","98134","2418 Airport Way S"
"Lazerquick Printing","(206) 622-4387","Seattle","WA","98109","752 Aloha St"
"J & H Express Inc","(206) 763-3351","Seattle","WA","98168","10160 W Marginal Pl S"
"Lion Trucking Inc","(206) 763-4443","Seattle","WA","98108","8425 1st Ave S"
"Auto Transporters","(253) 642-7351","Seattle","WA","98108","300 S Barton St"
"Great American Auto Transport- Seattle, WA","(206) 455-8162","seattle","WA","98117","8349 13th ave nw"
"Washington Movers, Moving Companies Packers Long Distance Interstate Movers Cross Country Movers & Car Shipping Nationwide","(206) 866-2020","Seattle","WA","98133","953 N 128th St"
"Mayflower","(206) 937-2261","Seattle","WA","98106","4501 W Marginal Way SW"
"All Ways Vehicle Transport","(206) 494-9645","Seattle","WA","98122","130 Lakeside Ave"
"Zebra Nationwide Car Transportation","(206) 494-9638","Seattle","WA","98122","1001 Broadway"
"Svc Car Transportiation","(206) 494-4420","Seattle","WA","98105","1314 NE 43rd St"
"American Best Trucking","(206) 420-4176","Seattle","WA","98134","918 S Horton St"
"Bestdays Trucking","(206) 420-1821","Seattle","WA","98134","241 S Lander St"
"Auto Transport","(206) 487-4083","Seattle","WA","98112","750 16th Ave E"
"Advance Care Transportion","(206) 257-5008","Seattle","WA","98109","1167 Republican St Apt 510"
"Fast Car Transportation","(206) 494-9975","Seattle","WA","98101","1700 7th Ave"
"Inter-City Auto Transport","(206) 274-6301","Seattle","WA","98104","800 5th Ave Ste 4100"
"Seattle Car Shipping","(206) 637-1396","Seattle","WA","98109","215 6th Ave N Ste 100"
"Auto Transport Seattle Wa","(866) 763-2361","Seattle","WA","98104","616 1st Ave"
"Fleetzen Corporation","(844) 329-3299","Seattle","WA","98104","701 5th Ave Ste 4200"
"United Motor Freight","(206) 339-0307","Seattle","WA","98106","3800 W Marginal Way SW"
"Handy Andy Rent-A-Tool","(206) 316-2871","Seattle","WA","98133","10711 Aurora Ave N"
"National Barricade","(206) 504-1910","Seattle","WA","98115","6518 Ravenna Ave NE"
"Cal State Xpress","(510) 250-3450","Oakland","CA","94601","4909 Tidewater Ave"
"Old Dominion Freight Line","(510) 633-0488","Oakland","CA","94621","8300 Pardee Dr"
"R & A Trucking Co","(510) 632-7112","Oakland","CA","94621","1050 77th Ave"
"Three Harbor Services","(510) 436-2804","Oakland","CA","94601","4831 Tidewater Ave"
"PCC-Direct Delivery","(510) 433-1875","Oakland","CA","94607","2498 W 16th St"
"Chipman Relocations","(510) 748-8787","Alameda","CA","94501","1551 Buena Vista Ave"
"A M & S Transportation Co","(510) 763-7768","Oakland","CA","94607","1700 24th St"
"O B A M A Oakland Bay Area Moving Associates","(510) 705-2248","Oakland","CA","94606","2014 5th Ave Apt 107"
"AB Trucking","(510) 835-0930","Oakland","CA","94607","2505 Bataan St"
"Rally Cap Couriers Inc","(510) 385-1010","Oakland","CA","94607","230 Madison St"
"ABF Freight System","(510) 533-8575","Oakland","CA","94601","4575 Tidewater Ave"
"PHUC VO TRUCKING","(510) 772-2790","Oakland","CA","94607","375 Maritime St"
"Cjc Trucking","(510) 601-5359","Oakland","CA","94611","3803 Broadway"
"Cleophas Eloby","(510) 533-4208","Oakland","CA","94601","3828 Nevil St"
"United Bridge Transportation","(510) 836-3825","Oakland","CA","94607","212 9th St Ste 310"
"Lange Trucking Inc","(510) 836-1105","Oakland","CA","94607","2226 Campbell St"
"FedEx Ship Center","(800) 463-3339","Oakland","CA","94621","8455 Pardee Dr"
"Arthur Young Debris Removal","(510) 568-9465","Oakland","CA","94603","751 105th Ave"
"Jay's Small Moves","(415) 999-6795","Oakland","CA","94607","2525 Mandela Pkwy"
"VA Transportation","(510) 452-0650","Oakland","CA","94607","1340 Mandela Pkwy"
"NEW SEASON MEDICAL TRANSPORTATION","(510) 406-7201","Oakland","CA","94611","254 Oakland Ave"
"Mayflower Transit","(800) 675-1007","Alameda","CA","94501","1551 Buena Vista Ave"
"R B TOWING &TRANSPORTATION","(510) 224-0522","Oakland","CA","94602","3475 Champion St"
"Automobile Loaders","(510) 562-9100","Oakland","CA","94621","975 66th Ave"
"B & C Broker And Transportation","(510) 922-8479","Emeryville","CA","94608","4408 Market St"
"Ship A Car to Your Door","(510) 285-0340","Oakland","CA","94611","4096 Piedmont Ave"
"Anywhere Car Transport & Shipping","(510) 214-0316","Alameda","CA","94501","2490 Mariner Square Loop"
"Around The World Car Shipping","(510) 285-0036","Oakland","CA","94612","300 Lakeside Dr"
"Allstar Transport Inc","(510) 635-8292","Oakland","CA","94621","8724 G St"
"Iraheta Bros 2 Inc","(510) 823-0008","Oakland","CA","94601","3407 San Leandro St"
"Philadelphia Sales And Transport Inc","(267) 324-3328","Philadelphia","PA","19147","132 Christian St"
"Cassens Tranportation","(215) 952-6900","Philadelphia","PA","19148","4 E Oregon Ave"
"Fleet Car Carriers","(215) 468-2500","Philadelphia","PA","19148","140 E Oregon Ave"
"Penn Trucking & Warehouse Co","(215) 467-1228","Philadelphia","PA","19148","2147 S Columbus Blvd"
"Road Runner Courier Svc","(856) 858-2700","Collingswood","NJ","08108","316 Haddon Ave"
"Aaa Avacados Transportation Inc","(856) 456-4000","Gloucester City","NJ","08030","119 S Filmore St"
"Double K Transportation Inc","(856) 456-8166","Gloucester City","NJ","08030","250 S King St"
"Centerline Drivers","(856) 662-7439","Pennsauken","NJ","08109","7202 N Park Dr"
"J Zee Transport","(856) 952-1504","Gloucester City","NJ","08030","26 N Broadway"
"Locomotive Transportation","(856) 432-6470","Gloucester City","NJ","08030","212 Middlesex St"
"Marine Transport Inc","(856) 283-6450","Camden","NJ","08104","2630 Mount Ephraim Ave"
"LtL Freight Shipping Service - Freight Forwarding New Jersey (08109)","(201) 589-2888","Pennsauken","NJ","08109","1501 Admiral Wilson Blvd"
"Harris-Camden Terminal C","(856) 365-8100","Camden","NJ","08104","2201 Mount Ephraim Ave Ste 18"
"Imperial Transport & Leasing Company","(856) 541-3055","Camden","NJ","08103","1059 Empire Ave"
"Stech Trucking","(856) 246-1025","Camden","NJ","08104","961 Sylvan St"
"Siciliano Trucking","(856) 963-8680","Camden","NJ","08104","2500 S Broadway"
"Hargrove Enterprises Excavating & Demolition","(856) 541-9697","Camden","NJ","08104","1949 Tuckahoe Rd"
"Juan A Roamarcelino","(856) 426-3146","Camden","NJ","08104","1152 Thurman St"
"Camden Greenways Inc","(856) 964-7336","Camden","NJ","08102","433 Market St"
"A Penza Inc","(215) 336-5018","Philadelphia","PA","19148","3301 S Galloway St Ste 69"
"Dennis Mcnellis Enterprises Inc","(215) 334-5400","Philadelphia","PA","19148","13 Pattison Ave"
"Intermodel Container Inc","(215) 952-1775","Philadelphia","PA","19148","16 Wolf St"
"Time Cycle Courier","(215) 627-7874","Philadelphia","PA","19106","230 N 2nd St Ste 1c"
"Flower Shop","(267) 909-9793","Philadelphia","PA","19147","1143 S 9th St"
"D & M Transportation Services Inc","(856) 963-0099","Camden","NJ","08104","2500 S Broadway"
"Frank Santo Trucking Inc","(856) 365-8000","Camden","NJ","08104","2500 S Broadway"
"Jersey Cor","(856) 365-2020","Camden","NJ","08104","635 Jackson St"
"Fleet Car Carriers","(215) 468-2500","Philadelphia","PA","19148","140 W Oregon Ave"
"Road Runner Transportation Inc","(215) 755-6050","Philadelphia","PA","19148","8 Pattison Ave"
"Waste Pro Usa","(205) 432-0878","Birmingham","AL","35217","300 Fleming Rd"
"J & M Tank Lines","(205) 876-1900","Birmingham","AL","35242","7051 Meadowlark Dr Ste 102"
"Old Dominion Freight Line","(205) 321-6124","Birmingham","AL","35214","601 Republic St"
"Con-Way Truckload","(205) 731-2324","Birmingham","AL","35218","3500 Avenue N"
"Espee","(205) 224-5501","Birmingham","AL","35207","3550 27th Ave N"
"Kaplan Trucking Company","(205) 324-5432","Birmingham","AL","35234","1901 Finley Blvd Ste 10"
"Always Low Price Auto Glass Inc.","(205) 488-1577","Birmingham","AL","35207","3520 27th Ave N"
"PM Auto Transport","(205) 822-6003","Birmingham","AL","35216","3650 Haven View Cir"
"Commercial Driveaway","(205) 254-8075","Birmingham","AL","35234","2500 27th St N"
"Nationwide Auto Transport","(205) 994-7519","Birmingham","AL","35205","2101 Magnolia Ave S"
"Alaplex Auto Transport","(205) 849-9173","Birmingham","AL","35217","3721 41st Ct N"
"Campbell Car Carriers","(205) 908-5027","Birmingham","AL","35203",""
"Amino Transport","(205) 981-1600","Birmingham","AL","35242","100 Corporate Pkwy"
"Z Line United Auto Shipping","(205) 453-6182","Birmingham","AL","35211","100 Oslo Cir"
"Express Car Shipping","(205) 453-8031","Birmingham","AL","35217","5330 Technology Ln"
"US Autologistics","(205) 849-9173","Birmingham","AL","35217","3721 41st Ct N"
"Hwy Auto Shipping","(205) 307-5987","Mountain Brk","AL","35223","2106 Cahaba Rd"
"Prideline","(205) 703-7993","Birmingham","AL","35222","3300 Reverend Abraham Woods Jr Blvd Ste 110"
"A V Nationwide Auto Transportation","(205) 421-9478","Birmingham","AL","35205","1310 32nd St S"
"R & R State To State Car Shipping","(205) 307-5959","Birmingham","AL","35203","2001 Park Pl"
"Birmingham Auto Transport","(205) 677-5500","Birmingham","AL","35203","1101 5th Ave N"
"Nationwide Auto Transport","(205) 994-3443","Birmingham","AL","35203","1819 5th Ave N"
"Bill Hinton's Trucking Inc","(205) 925-6587","Birmingham","AL","35211","2222 Nabors Rd SW"
"MACS Courier Service, LLC","(205) 945-1201","Birmingham","AL","35209","165 Oxmoor Blvd"
"Central Camper Inc","(205) 781-2129","Birmingham","AL","35218","2401 Avenue C"
"Jeffers Trucking","(205) 808-1118","Birmingham","AL","35217","2751 Pawnee Rd"
"Brown Trucking & Excavating Inc","(205) 578-1151","Birmingham","AL","35204","1224 Arkadelphia Rd"
"Wheel& Rim Inc","(205) 324-4404","Birmingham","AL","35215","4720 Pinson Valley Pkwy"
"ACG1 1 Transport Services, Inc.","(407) 879-5837","Orlando","FL","32822","7904 Hatteras Rd"
"Air Van Inc","(407) 851-7277","Orlando","FL","32824","1150 E Landstreet Rd"
"Nfi","(407) 438-3885","Orlando","FL","32824","901 W Landstreet Rd Ste 1"
"Rizo Auto Transport","(407) 855-6988","Orlando","FL","32824","8805 Florida Rock Rd"
"Laura's Shuttle","(407) 851-8730","Orlando","FL","32809","1700 Mccoy Rd"
"Total Car Care","(407) 679-6000","Orlando","FL","32807","2241 N Forsyth Rd"
"Access Transportation","(407) 523-1494","Orlando","FL","32809","8000 S Orange Ave"
"DGL Transport, Inc.","(407) 694-9313","Orlando","FL","32807","150 Lynbrook Dr"
"Forever West Transport - Auto Transport","(800) 991-8004","Orlando","FL","32801","618 E South St"
"AAA Cooper Transportation","(407) 851-7900","Orlando","FL","32824","11425 United Way"
"Jah Works Auto Transport","(407) 296-4445","Orlando","FL","32818","8328 Silver Star Rd"
"Amazulu Transport Inc","(407) 482-4142","Orlando","FL","32817","8617 E Colonial Dr"
"Double EE Auto Transport","(407) 479-3927","Orlando","FL","32812","4763 Conway Rd Ste E"
"Car transport","(407) 598-0289","Orlando","FL","32803","3201 E Colonial Dr"
"Dependable Auto Transport","(800) 665-3983","Orlando","FL","32807",""
"Florida Junk Car","(407) 512-6407","Orlando","FL","32837","9521 S Orange Blossom Trl"
"Reliable Carriers Inc","(407) 859-0876","Orlando","FL","32824","453 Thorpe Rd"
"Rivera Auto Transport Inc","(407) 851-4348","Orlando","FL","32812","3535 Mccoy Rd"
"USA Transporters Services Inc","(407) 240-1650","Orlando","FL","32812","2911 Mccoy Rd"
"Orlando Auto Shipping","","Orlando","FL","32805","326 S Orange Blossom Trl"
"Car Carrier Network","(800) 516-9439","Orlando","FL","32801","37 N Orange Ave Ste 500"
"Rush Truck Center, Orlando","(407) 298-1000","Orlando","FL","32804","2424 N John Young Pkwy"
"Florida Rigging & Crane","(786) 530-4656","Orlando","FL","32824","9966 Sidney Hayes Rd"
"Ed's Delivery Service","(407) 440-0726","Orlando","FL","32808","4182 Rose Petal Ln"
"Global Rental Dumpsters","(407) 901-5782","Orlando","FL","32804","1920 Silver Star Rd"
"Johnson's Wrecker Service","(407) 219-9712","Orlando","FL","32808","580 Wilmer Ave"
"Davids Trailers","(407) 216-8518","Orlando","FL","32808","4300 W Colonial Dr"
"Johnson's Wrecker Service","(407) 490-1519","Orlando","FL","32808","580 Wilmer Ave"
"Davids Trailers","(407) 910-2719","Orlando","FL","32808","4300 W Colonial Dr"
"J Bellis Auto Transporting","(813) 626-0151","Tampa","FL","33610","5505 Cone Rd"
"Bydriver Inc","(813) 873-4127","Tampa","FL","33614","3926 W Hillsborough Ave"
"Dorpol Transport","(813) 374-9500","Tampa","FL","33614","4827 N Lois Ave"
"Chavez Auto Transport","(813) 879-8453","Tampa","FL","33684","Po Box 152224"
"Chavez Auto Transport","(813) 242-6644","Tampa","FL","33619","2436 S 50th St"
"Autos On The Go","(813) 454-2562","Tampa","FL","33611",""
"E & E Auto Transport Inc","(941) 345-3387","Tampa","FL","33626","10026 Tate Ln"
"D Ti Transportation Services One","(813) 605-3377","Tampa","FL","33624","5555 W Linebaugh Ave"
"Tampa Auto Car Carriers","(813) 261-0369","Tampa","FL","33634","6702 Benjamin Rd"
"All Access Transportation","(813) 901-8000","Tampa","FL","33634","6704 Benjamin Rd Ste 250"
"Quality Car Transportation Compny","(813) 402-3590","Tampa","FL","33611","6102 S Macdill Ave"
"Dillon Transport INC","(813) 664-1313","Tampa","FL","33619","4614 S 50th St"
"Stewart Trucking","(813) 630-1361","Tampa","FL","33605","3408 Carioca Ct"
"My Vehicle Transport","(813) 261-0365","Tampa","FL","33604","1411 E Hillsborough Ave"
"Auto Driveaway Co Of Tampa","(813) 254-8411","Tampa","FL","33606","112 S Magnolia Ave Ste 2"
"Big Ben Blue","(715) 627-0859","Tampa","FL","33602","400 N Ashley Dr Ste 1100"
"PDM Transport DBA Montgomery Truck Lines","(813) 623-2460","Tampa","FL","33610","10613 E US Highway 92"
"Allied Systems","(813) 884-1451","Tampa","FL","33634","6901 Anderson Rd"
"Laney & Duke Terminal","(813) 628-0672","Tampa","FL","33610","6002 N 51st St"
"J Grez Transport Inc","(813) 626-2823","Tampa","FL","33610","6001 n 50th St"
"Tarton Transportation Services Inc","(813) 870-1485","Tampa","FL","33607","2710 W Virginia Ave"
"Eagle Transport Corporation","(813) 626-3900","Tampa","FL","33619","6215 Hartford St"
"Car Shipping Carriers","(866) 744-2540","Tampa","FL","33611","4030 S West Shore Blvd"
"Dillon Transport Inc","(813) 664-1313","Tampa","FL","33619","4411 S 66th St"
"Tarpon Transportation","(813) 930-8125","Tampa","FL","33604","8502 N Ashley St"
"Discount Junk Removal","(813) 285-4674","Tampa","FL","33604","8414 N Semmes St"
"Seffner Rock & Gravel","(813) 626-8884","Tampa","FL","33610","9715 E Us Highway 92"
"Weld-Rite Hitch Co","(813) 575-7749","Tampa","FL","33614","3218 W Hillsborough Ave"
"First Class Moving Systems","(813) 280-5130","Tampa","FL","33634","8110 Anderson Rd"
"M & M Mobile Fleet Services","(615) 475-8187","Memphis","TN","38104","1910 Madison Ave Unit 2060"
"Averitt Express","(901) 795-4223","Memphis","TN","38118","4250 Air Trans Rd"
"Volunteer Express Inc","(901) 398-4443","Memphis","TN","38116","3126 Carrier St"
"Guardian Moving Systems","(901) 386-5400","Memphis","TN","38141","4226 Clarke Rd"
"E T Recovery & Transporting","(901) 553-3104","Memphis","TN","38114","2441 Frisco Ave"
"Intermodal Cartage Co Inc","(901) 363-0050","Memphis","TN","38141","5707 E Holmes Rd"
"Jrop Transportation Gdq","(901) 435-6043","Memphis","TN","38134","6061 Stage Rd Ste 3"
"Old Dominion","(901) 346-3636","Memphis","TN","38116","1996 Spirit Of 76 Dr"
"Door To Door Car Shipping","(901) 252-0456","Memphis","TN","38120","1100 Ridgeway Loop Rd"
"Jilt","(901) 236-0473","Memphis","TN","38118","4570 Getwell Rd"
"Nale Logistics","(901) 288-5089","Memphis","TN","38118","4215 Lamar Ave"
"H And W Transportation","(901) 795-5093","Memphis","TN","38118","3874 Viscount Ave"
"J Wright Brokers","(901) 654-3877","Memphis","TN","38127","4033 Woodburn Dr"
"Hanson & Adkins Auto Transport","(901) 743-6767","Memphis","TN","38114","2440 Dunn Cv"
"Maco Transportation","(901) 907-0781","Memphis","TN","38109","2021 Latham St"
"Tn Auto Car Carrier","(901) 252-0464","Memphis","TN","38103","45 N B B King Blvd"
"Transport America","(901) 969-0191","Memphis","TN","38141","5545 Mineral Wells Rd"
"United Auto Delivery","(901) 795-2109","Memphis","TN","38134","2399 Chiswood St"
"Shelby Logistics","(901) 396-0266","Memphis","TN","38109","234 Titan Dr"
"Jack Cooper Transport","(901) 948-5174","Memphis","TN","38106","400 W Trigg Ave"
"AAA Cooper Transportation","(901) 795-9988","Memphis","TN","38141","4920 Hickory Hill Rd"
"A1 Auto","(901) 795-5044","Memphis","TN","38134","2399 Chiswood St"
"D's Wrecker Service","(901) 362-0213","Memphis","TN","38118","5455 E Holmes Rd"
"D & N Camper Sales","(901) 345-2267","Memphis","TN","38116","1145 E Brooks Rd"
"Sonic Delivery Inc","(901) 272-3119","Memphis","TN","38104","2208 Central Ave"
"Memphis Truckcom LLC","(901) 844-0714","Memphis","TN","38118","2811 Farrisview Rd"
"AutoSave Insurance","(901) 295-7148","Memphis","TN","38112","2550 Poplar Ave"
"Dunwoody Car Shipping","(678) 259-9793","Atlanta","GA","30338","1864 Independence Sq"
"Robert O'neal Transport","(678) 489-5018","Atlanta","GA","30349","110 San Marino Ct"
"Hankyuhanshin Express","(770) 994-8477","Atlanta","GA","30349","540 Airport South Pkwy"
"360 Global Logistics","(404) 565-2089","Atlanta","GA","30337","4824 Old National Hwy"
"Champion Atlanta, Inc.","(800) 235-5294","Atlanta","GA","30349","560 Atlanta South Pkwy Ste 500"
"Atl Frieght","(770) 909-0059","Atlanta","GA","30349","5192 Southridge Pkwy"
"Smitty Transportation Inc","(404) 684-6288","Atlanta","GA","30349","650 Atlanta South Pkwy"
"South Atlantic Transport,Inc","(404) 454-8838","Atlanta","GA","30331","2498 County Line Rd SW"
"United Intermodal Group","(404) 761-1961","Atlanta","GA","30349","800 Atlanta South Pkwy"
"United Intermodal Group","(404) 761-1234","Atlanta","GA","30349","510 Plaza Dr"
"Stellar Fleet Transporters","(404) 883-3935","Atlanta","GA","30336","4405 Fulton Industrial Blvd SW"
"Y And N Trucking","(404) 549-8373","Atlanta","GA","30336","4465 Commerce Cir SW"
"Best Car Transportation","(404) 267-0295","Atlanta","GA","30326","100 Tower Pl"
"Best Car Transportation","(404) 267-0295","Atlanta","GA","30326","3340 Peachtree Rd NE"
"R K Haslett Transport","(470) 355-8599","Atlanta","GA","30336","1311 Fulton Industrial Blvd NW"
"J Wayne Shelton","(404) 351-0226","Atlanta","GA","30318","2085 Marietta Blvd NW"
"Tour Seven","(404) 254-4508","Atlanta","GA","30317","2575 Alston Dr SE"
"Signature 1 Transportation","(678) 705-8059","Atlanta","GA","30318","1106 W Marietta St NW"
"Tcw Atlanta","(404) 343-0278","Atlanta","GA","30310","387 Joseph E Lowery Blvd SW"
"G And S Reliable Transportation","(404) 464-5799","Atlanta","GA","30312","502 Pryor St SW"
"Avid Car Shippers","(832) 546-1260","Atlanta","GA","30303","200 Forsyth St SW"
"Pioneer Line Enterprises","(770) 272-7000","Atlanta","GA","30339","1755 The Exchange SE"
"Global Auto Transport","(404) 304-8831","Atlanta","GA","30331","2620 Barge Rd SW"
"Red Car Transportation","(678) 365-0501","Atlanta","GA","30307","1209 Caroline St NE"
"united car transport","(888) 440-6716","Atlanta","GA","30303","55 Trinity Ave SW"
"Northside Car Transportation","(404) 267-0110","Atlanta","GA","30318","1299 Northside Dr NW"
"Ga Auto Transportation","(404) 267-0106","Atlanta","GA","30305","3575 Piedmont Rd NE"
"Atlanta Car Transport","(404) 800-6200","Atlanta","GA","30303","41 Marietta St NW #1577"
"Joe's Trucking","(770) 500-0496","Atlanta","GA","30340","5555 Pleasantdale Rd"
"Air 7 Seas Transport Logistics Inc","(888) 404-8124","Atlanta","GA","30349","560 Atlanta South Pkwy"
"Atlantic Intermodal Cartage Co","(843) 216-1045","Charleston","SC","29492","2538 Clements Ferry Rd"
"Cmc Ddi","(843) 849-6222","Charleston","SC","29492","669 Marina Dr"
"New Pride Transport","(843) 459-2090","Charleston","SC","29414","109 Residences Ln"
"CDS Transport Agent GRP Inc","(843) 388-3209","Charleston","SC","29492","2637 Clements Ferry Rd"
"Reliable Transportation","(843) 654-9905","Charleston","SC","29492","2637 Clements Ferry Rd"
"Heavy Weight Transportation","(843) 606-2702","Charleston","SC","29492","2637 Clements Ferry Rd"
"Pj's Transport","(843) 718-3649","Charleston","SC","29414","1809 Beechwood Rd"
"E T Weaver Inc","(843) 402-0648","Charleston","SC","29407","14 Hobonny Ln"
"Altman Trucking","(843) 729-8197","Charleston","SC","29412","1410 Jeffords St"
"Comet Courier Service","(843) 478-1795","Charleston","SC","29407","1209 Sam Rittenberg Blvd"
"Reginald L Jackson","(843) 571-6912","Charleston","SC","29407","1642 Culpepper Cir"
"Coastal Carolina Admmobile","(843) 762-7987","Charleston","SC","29412","2078 Seabrook Ave"
"Discount Delivery & Storage","(843) 437-0312","Charleston","SC","29412","916 Portabella Ln"
"Mile A Minute Delivery","(843) 406-6044","Charleston","SC","29412","894 Piccadilly Cir"
"Fast Freight Systems","(843) 849-0451","Mount Pleasant","SC","29464","950 Houston Northcutt Blvd"
"Freightmaster","(843) 849-0451","Mount Pleasant","SC","29464","950 Houston Northcutt Blvd"
"Kenneth C Wiggins","(843) 696-9769","Charleston","SC","29412","1133 Quail Dr"
"Acs Group Inc","(843) 881-7786","Mount Pleasant","SC","29464","976 Houston Northcutt Blvd Ste 3"
"Ronald R Singleton","(843) 813-0335","Charleston","SC","29403","248 Congress St"
"Mack Trucks","(843) 553-6410","Charleston","SC","29406","6841 Bulldog Dr"
"Audubon Society","(854) 444-2502","Charleston","SC","29403","635 Rutledge Ave"
"CMC Landstar","(843) 849-6700","Charleston","SC","29492","669 Marina Dr Ste B6"
"Southern Tank Transport","(843) 654-5846","Charleston","SC","29492","669 Marina Dr"
"J Johnson Trucking","(843) 795-8900","Charleston","SC","29412","479 Fleming Rd"
"Old Dominion Freight Line","(843) 856-7224","Charleston","SC","29492","1938 Clements Ferry Rd"
"Worldwide Express","(843) 300-3933","Charleston","SC","29406","4975 Lacross Rd Ste 352"
"Palmetto Ford Lincoln","(843) 571-3673","Charleston","SC","29407","1625 Savannah Hwy"
"Mayflower International LTD","(843) 577-0560","Charleston","SC","29401",""
"Clubbhouse Intermodal Services","(843) 576-0168","Charleston","SC","29406","1930 Hanahan Rd"
"Marine Transport Inc","(843) 329-0805","Charleston","SC","29406","1940 Hanahan Rd"
"Nds Drayage Services","(904) 619-9226","Jacksonville","FL","32254","2120 Lane Ave N"
"Ae & M Transport","(904) 900-1503","Jacksonville","FL","32216","5025 Stepp Ave"
"Con-Way Southern Express","(904) 783-6306","Jacksonville","FL","32254","500 Ellis Rd S"
"E-Transport","(904) 696-6152","Jacksonville","FL","32226","8720 Somers Rd S"
"R L Transpo Inc","(904) 551-5675","Jacksonville","FL","32254","518 Stevens St"
"Express Auto Carriers","(904) 232-8625","Jacksonville","FL","32254","5252 Shawland Rd"
"Automobile Transport Clearinghouse","(904) 766-8500","Jacksonville","FL","32209","5912 New Kings Rd Bldg B"
"Duval Truck Sales","(904) 312-9107","Jacksonville","FL","32254","2618 Edgewood Ave N"
"Plr Transport Inc","(904) 683-8266","Jacksonville","FL","32209","5600 New Kings Rd"
"On Target Auto Transport","(904) 699-4859","Jacksonville","FL","32207","4930 Emerson Expy"
"Azap Motors","(904) 783-0782","Jacksonville","FL","32208","5433 Buffalo Ave"
"Jacksonville Car Transportation","(904) 527-5366","Jacksonville","FL","32207","3974 Woodcock Dr"
"Benton Global","(904) 353-3037","Jacksonville","FL","32209","2061 Scl Dr"
"Seaport Trucking Services","(904) 900-1612","Jacksonville","FL","32206","4107 Buckman St"
"Jack Cooper Transport","(904) 786-3155","Jacksonville","FL","32254","5761 W 12th St"
"Roadrunner Transportation","(904) 350-9925","Jacksonville","FL","32209","2050 Kings Rd"
"Car transport","(904) 562-2105","Jacksonville","FL","32217","1626 University Blvd W"
"Car transport","(904) 425-5746","Jacksonville","FL","32208","5000 Norwood Ave"
"Hancock Transportation Inc","(904) 731-9703","Jacksonville","FL","32207","5000 Philips Hwy"
"Jacksonville Car Transport Service","(904) 602-7050","Jacksonville","FL","32207","1301 Riverplace Blvd"
"Hansen & Adkins Auto Transport","(904) 714-1750","Jacksonville","FL","32218","203 Busch Dr E"
"Auto Carrier Express","(904) 358-3830","Jacksonville","FL","32254","5055 Old Kings Rd"
"Great American Auto Transport- Jacksonvile, Fl","(904) 438-3655","jacksonville","FL","32205","2823 Downing St"
"Nationwide Auto Transport Inc","(904) 924-2710","Jacksonville","FL","32209","3370 New Kings Rd"
"Dixon Auto Transport","(904) 367-0700","Jacksonville","FL","32207","4729 Philips Hwy"
"Arlington Wrecker Service","(904) 695-0202","Jacksonville","FL","32207","3261 Phillips Hwy"
"Centurion-Eagle Auto Transport","(904) 766-8500","Jacksonville","FL","32209","5912 New Kings Rd"
"pink's towing and hauling","(904) 880-4264","Jacksonville","FL","32246","10300 Beach Blvd"
"Proficient Auto Transport","(904) 772-1175","Jacksonville","FL","32210","10057 103rd St"
"In & Out Moving & Storage Inc","(800) 770-4200","Chicago","IL","60640",""
"Best Price Moving and Storage","(773) 661-0750","Chicago","IL","60639","1830 N Kostner Ave"
"May Flower Food Inc","(312) 326-7440","Chicago","IL","60616","2104 S Archer Ave"
"Michigan Car Transportation","(312) 288-2599","Chicago","IL","60611","980 N Michigan Ave"
"Chicago Car Transportation Service","(312) 894-4651","Chicago","IL","60611","435 N Michigan Ave"
"Chicago Car Shipping","(312) 601-2135","Chicago","IL","60601","35 W Wacker Dr"
"Lepke Auto Transport","(312) 733-3478","Chicago","IL","60612","2432 W Polk St"
"Auction Car Transportation","(312) 894-4635","Chicago","IL","60654","10 W Hubbard St"
"Chicago Auto Transport","(312) 268-5464","Chicago","IL","60603","1 S Dearborn St"
"Cassens Transport Co","(773) 646-0712","Chicago","IL","60633","13511 S Torrence Ave"
"Nationwide Auto Transport","(312) 601-2136","Chicago","IL","60602","181 W Madison St"
"VIP Auto Shipping","(800) 870-0941","Chicago","IL","60602",""
"Zacatecas Auto Transport Inc.- Cash For Junk Cars","(773) 908-2622","Chicago","IL","60638",""
"Safari Trans Inc","(773) 293-6845","Chicago","IL","60626","6819G N Lakewood Ave"
"Am Pm Car Transport Inc","(773) 488-3380","Chicago","IL","60619","8431 S Maryland Ave"
"Legalizauto Rey","(773) 276-6590","Chicago","IL","60647","3724 W Fullerton Ave"
"Standard Forwarding","(708) 594-1676","Chicago","IL","60638","5260 W 47th St"
"Cdc Auto Transport","(773) 904-7663","Chicago","IL","60647","3111 W Armitage Ave"
"International Auto","(773) 698-8571","Chicago","IL","60651","3321 W Evergreen Ave"
"Cf Motorfreight","(773) 890-9111","Chicago","IL","60632","3000 W 36th St"
"YBS Logistics, LLC","(800) 209-6484","Chicago","IL","60604","141 W Jackson Blvd Ste 3200"
"Dealertrack CentralDispatch, inc.","(858) 259-6084","Chicago","IL","60673","26387 Network Pl"
"Auto Transport Logistics","(312) 938-9555","Chicago","IL","60601","155 N Harbor Dr"
"Montway Auto Transport","(312) 471-1079","Chicago","IL","60656","5348 N Cumberland Ave"
"AM PM Premium Car Carrier & Auto Transport Co","(877) 419-2676","Chicago","IL","60661","304 S Halsted St Ste 207"
"Henderson Hauling & Transport","(872) 204-5805","Chicago","IL","60629","6401 S Sacramento Ave"
"Mayflower Agency","(630) 570-7132","Chicago","IL","60644","5410 W Roosevelt Rd"
"W.G.N. Flag & Decorating Co.","(773) 768-8076","Chicago","IL","60617","7984 S South Chicago Ave"
"AM/PM Premium Car Carrier Co. - Halsted","(312) 239-8004","Chicago","IL","60646","6037 N Cicero Ave"
"A & J's Produce","(314) 621-1110","Saint Louis","MO","63102","5 Produce Row"
"Yellow Roadway","(314) 772-1094","Saint Louis","MO","63104","400 Barton St"
"Instant Drayage","(314) 231-2344","Saint Louis","MO","63102","4 Produce Row"
"Mitchell Express","(314) 393-5036","Saint Louis","MO","63106","1322 Monroe St"
"Tee & E Trucking","(314) 588-9850","Saint Louis","MO","63106","1901 Hadley St"
"Akbaq Transport","(314) 875-0174","Saint Louis","MO","63104","2620 Rutger St"
"Marilyn Kocher","(314) 436-5331","Saint Louis","MO","63106","1517 N 15th St"
"Redbird Carriers","(314) 621-7780","Saint Louis","MO","63103","2301 Papin St"
"Simple Transportation Company","(314) 696-2663","Saint Louis","MO","63106","1120 N 20th St"
"Baty's Professional Dispatch","(314) 750-8280","Saint Louis","MO","63102","400 N 4th St"
"Hogan Services Inc","(314) 421-0004","Saint Louis","MO","63106","1000 N 14th St"
"Skuzzio Packaging","(314) 231-2887","Saint Louis","MO","63101","555 Washington Ave"
"Mvt","(314) 881-0500","Saint Louis","MO","63101","701 N Tucker Blvd"
"Lti Trucking Inc","(314) 932-6970","Saint Louis","MO","63101","411 N 10th St"
"Stl Transportation","(314) 797-8222","Saint Louis","MO","63103","111 N 15th St"
"Manufacturers Railway Company General Office","(314) 577-1704","Saint Louis","MO","63118","2850 S Broadway"
"KingNQueen Enterprises LLC","(833) 487-8256","St. Louis","MO","63146","111 W Port Plaza Dr, STE 600"
"Coyote Express LLC Cross-Docking","(314) 875-0480","St. Louis","MO","63147","5333 Bulwer Ave"
"Yellow Freight System Inc","(314) 772-2905","Saint Louis","MO","63104","400 Barton St"
"YRC Freight","(314) 772-1094","Saint Louis","MO","63104","400 Barton St"
"Crh Transportation","(314) 231-6060","Saint Louis","MO","63104","100 Marion St"
"O'Dell Brothers Moving Company","(636) 629-1524","St. Louis","MO","63109","5712 Eichelberger St."
"Ahrens Contracting Inc","(314) 631-7799","Saint Louis","MO","63104","140 Lafayette Ave"
"Greyhound Package Express","(314) 231-4485","Saint Louis","MO","63103","430 S 15th St"
"Hogan Transportation Co.","(314) 802-5979","Saint Louis","MO","63106","1000 N 14th St"
"Mo Car Shipping Company","(314) 814-8012","Saint Louis","MO","63106","2240 Saint Louis Ave"
"Mo Car & Transporting Cars","(314) 925-2477","Saint Louis","MO","63104","716 Geyer Ave"
"Autogo Car Transport","(314) 925-2475","Saint Louis","MO","63102","100 S 4th St"
"Ac International Vehicle Shipping","(314) 898-0123","Saint Louis","MO","63102","801 Chouteau Ave"
"Zamzow - Located In St.Louis MO","(800) 451-7660","Saint Louis","MO","63147","3201 N Broadway"
"Colorado Atlantic Express","(303) 287-6297","Denver","CO","80207","6600 Smith Rd"
"Direct Connect Auto Transport","(720) 439-3055","Denver","CO","80202","1550 Larimer St # 445"
"State To State Auto Transport","(303) 222-5414","Denver","CO","80229","1605 E 69th Ave"
"Denver Car Transportation","(303) 928-1469","Denver","CO","80227","1945 S Sheridan Blvd"
"Auto Driveaway Co","(303) 757-1211","Denver","CO","80222","5777 E Evans Ave Ste 109"
"Co Auto Shipping","(303) 928-1468","Denver","CO","80220","820 Monaco Pkwy"
"Krameria Auto Transportation","(303) 968-1624","Denver","CO","80220","1305 Krameria St"
"Dependable Vehicle Transportation","(303) 876-4388","Denver","CO","80216","5440 Roslyn St"
"Interstate Transportation Inc","(303) 232-1522","Denver","CO","80223","145 Yuma St"
"Car Transport","(303) 968-1621","Denver","CO","80211","2460 W 26th Ave"
"Colorado Auto Shipping","(303) 222-5417","Denver","CO","80205","2119 Larimer St"
"Alaska Express Limo Inc","(303) 919-1876","Denver","CO","80205","818 E 23rd Ave"
"Door To Door Auto Transportation","(303) 876-4387","Denver","CO","80203","1905 N Sherman St"
"Denver Car Shipping Co","(303) 222-5415","Denver","CO","80202","555 17th St"
"Great American Automobile Transportation","(303) 321-3136","Denver","CO","80220","PO Box 202938"
"TURON LLC","(303) 745-0057","Denver","CO","80237","P.O.Box 370314"
"Domestic Auto Shipping","(303) 928-1466","Denver","CO","80219","1930 S Federal Blvd"
"Jl Car & Transporting Cars","(303) 390-1005","Denver","CO","80218","1530 N Marion St"
"Ferus LP","(303) 293-1970","Denver","CO","80202","475 17th St"
"RFMX, Corp - Houger Express","(303) 853-0169","Denver","CO","80229","500 E 76th Ave Unit 2"
"Uz Auto Trans Inc","(303) 872-3672","Denver","CO","80231","1562 S Parker Rd"
"Nationwide Auto Transportation","(720) 422-3365","Denver","CO","80219","1930 S Federal Blvd"
"Denver Car Shipping","(720) 480-3641","Denver","CO","80202","1528 Wazee St # 207"
"Car Transport Direct","(720) 336-1494","Denver","CO","80211","3759 Lipan St"
"Fiore and Sons, Inc.","(303) 945-3701","Denver","CO","80216","730 W 62nd Ave"
"O'Meara Buick GMC","(303) 460-8000","Denver","CO","80234","2000 W 104th Ave"
"Charles M Schayer & Co","(720) 924-9667","Denver","CO","80207","3839 Newport St"
"Toy Doctor Independent Toyota Specialist","(303) 352-2373","Denver","CO","80231","1350 S Parker Rd"
"Nameless Freight Company","(850) 497-6753","Pensacola","FL","32505","3736 N Palafox St"
"Sdl","(850) 435-1106","Pensacola","FL","32502","1301 W Zarragossa St"
"TQ Trucking Inc.","(786) 953-5900","Pensacola","FL","32502","201 E Government St"
"Universal Trucking Co Inc","(850) 435-6545","Pensacola","FL","32501","31 W Belmont St"
"K & N Enterprise","(850) 698-7574","Pensacola","FL","32506","8054 Mark Ct"
"Shannon Hamley","(850) 390-4321","Pensacola","FL","32504","4051 Bonway Dr"
"Old Dominion Freight Line","(850) 471-0172","Pensacola","FL","32514","85 E Olive Rd"
"Veolia Transportation","(850) 484-4022","Pensacola","FL","32504","6706 N 9th Ave"
"Rocky's Trailers Parts And Hitches Inc","(850) 944-2944","Pensacola","FL","32526","9851 Bridlewood Rd"
"Coastal Land Management","(850) 393-4062","Pensacola","FL","32534","1211 W Nine Mile Rd"
"Trimac Transportation","(850) 477-5761","Pensacola","FL","32514","8796 Ely St"
"FedEx Ship Center","(800) 463-3339","Pensacola","FL","32505","5903 N W St"
"Tractor Supply Co","(850) 484-0805","Pensacola","FL","32534","3 W Nine Mile Rd"
"ABF Freight System","(850) 478-1274","Pensacola","FL","32534","2450 W Nine Mile Rd"
"Serpro Inc","(850) 429-0008","Pensacola","FL","32534","10020 N Palafox St"
"Gulf Freight Systems","(850) 781-0601","Pensacola","FL","32514","8810 Paul Starr Dr"
"Ferriss Warehouse & Storage Co Inc","(850) 433-2127","Pensacola","FL","32505","3783 N Palafox St"
"Rob's Trailer Hitch Center","(850) 434-5344","Pensacola","FL","32505","2701 W Wright St"
"Myrtle Wrecker Service","(850) 367-0259","Pensacola","FL","32504","6901a N 9th Ave"
"A & A Transfer & Storage","(850) 434-3533","Pensacola","FL","32505","125 Lurton St"
"Eddie Mercer Transport","(850) 478-1232","Pensacola","FL","32534","3191 W Nine Mile Rd"
"Pat Autotransport","(850) 474-8850","Pensacola","FL","32505","6372 Rambler Dr"
"AAA Cooper Transportation","(850) 479-2556","Pensacola","FL","32514","8790 Ely St"
"Bob Norwood Transport","(850) 474-9900","Pensacola","FL","32505","831 Dorothy Ave"
"Deep South Crane Rentals Inc","(850) 462-4871","Pensacola","FL","32526","6949 Mobile Hwy"
"Covington Heavy Duty Parts","(850) 478-7500","Pensacola","FL","32534","8080 Pensacola Blvd"
"TRIDENT HOTSHOT TRANSPORT ESC","(850) 332-1813","Pensacola","FL","32526","5814 Perkins St"
"Ctl Distribution Inc","(251) 661-1232","Mobile","AL","36619","5025 Rangeline Rd"
"Heniff Transportation Systems","(251) 457-2526","Mobile","AL","36612","2962 W Main St"
"Merritt Transportation Inc","(251) 432-6718","Mobile","AL","36603","952 S Conception St"
"Southeastern Freight Lines","(251) 443-1557","Mobile","AL","36619","5400 Rangeline Rd"
"Evergreen Transportation Inc","(251) 660-9570","Mobile","AL","36619","4551 Rangeline Rd"
"Worldwide Express","(251) 345-7400","Mobile","AL","36609","1621 S University Blvd Ste A3"
"Gulf City Shell Corp","(251) 456-1350","Mobile","AL","36610","1408 Telegraph Rd"
"Chickasaw Container Services Inc","(251) 457-7300","Mobile","AL","36610","49 Conception Street Rd"
"Southern Intermodal Xpress","(251) 438-2749","Mobile","AL","36610","620 Bay Bridge Rd"
"Yellow Freight System Inc","(251) 438-1792","Mobile","AL","36604","1111 Virginia St"
"Robinson C H","(251) 441-7012","Mobile","AL","36602","110 Beauregard St Ste 107"
"Tractor Supply Co","(251) 639-3131","Mobile","AL","36608","635 Schillinger Rd N"
"Miller Transporters Inc","(251) 457-0471","Mobile","AL","36610","206 Telegraph Rd"
"Bay Line Inc","(251) 438-6878","Mobile","AL","36615","2404 Michigan Ave"
"Wright Transportation","(251) 432-6390","Mobile","AL","36605","2333 Dauphin Island Pkwy"
"Dockside Services Inc","(251) 438-2362","Mobile","AL","36603","500 Beauregard St"
"BR Williams Trucking, Inc.","(251) 345-6820","Mobile","AL","36619","5360 Commerce Blvd E"
"Mayflower Transit","(251) 433-2853","Mobile","AL","36618","2051 W I65 Service Rd N"
"Saia LTL Freight","(251) 443-6850","Mobile","AL","36619","5512 Todd Acres Dr"
"Southeastern Freight Lines","(251) 432-1911","Mobile","AL","36633","PO Box 1691"
"Zartran","(251) 525-9149","Mobile","AL","36612","3130 Dial St"
"We Will Corp","(251) 287-7257","Mobile","AL","36606","2557 Harper St"
"We Will Corp","(251) 287-7257","Mobile","AL","36617","283 Laurel Dr"
"Gulf City Body & Trailer Works, Inc.","(251) 438-5521","Mobile","AL","36603","601 S Conception St"
"Alabama Tank Service","(251) 404-5217","Mobile","AL","36608","7762 Mckinley Ave"
"Camper City Truck Accessories","(251) 263-6996","Mobile","AL","36608","1051 Schillinger Rd N"
"Perdido Trucking","(251) 470-0355","Mobile","AL","36606","3164 Midtown Park S"
"Strachan Services Inc","(251) 219-8093","Mobile","AL","36615","1878 9th St"
"J & W Moving & Storage Co Inc","(251) 272-8079","Mobile","AL","36612","3129 Dial St"
"J W Moving Storage","(251) 272-5069","Mobile","AL","36612","3129 Dial St"
"Yrc","(504) 246-7350","New Orleans","LA","70129","12169 Old Gentilly Rd"
"Blaze Express Courier","(504) 734-0580","New Orleans","LA","70123","1414 Distributors Row"
"Triple G Express Inc","(504) 731-2841","New Orleans","LA","70121","916 Saint George Ave"
"Saia LTL Freight","(504) 837-4400","New Orleans","LA","70121","3301 Andover St"
"Monopoly Express, LLC","(504) 939-8260","New Orleans","LA","70122","5317 Wilton Dr"
"Dependable Source Corp","(504) 828-7343","New Orleans","LA","70121","338 Iris Ave"
"Sureway Transportation Co Inc","(504) 587-8999","New Orleans","LA","70130","1215 Prytania St"
"M. SNAER TRUCKING LLC","(504) 610-8081","New Orleans","LA","70128","5700 Bullard ave"
"wes-tex trucking llc","(504) 236-5265","New Orleans","LA","70127","8717 old gentilly rd"
"FedEx Ship Center","(800) 463-3339","New Orleans","LA","70123","6321 Humphreys St"
"Gator Freightways Inc","(504) 948-0300","New Orleans","LA","70126","4801 Almonaster Ave"
"Alk Trucking","(504) 827-2334","New Orleans","LA","70119","1502 N Dorgenois St"
"Trucking Cfr","(504) 827-2334","New Orleans","LA","70114","3220 General Degaulle Dr Ste 202"
"T B Enterprises","(504) 394-4183","New Orleans","LA","70131","13091 Patterson Rd"
"D J Lloyd","(504) 366-3000","Gretna","LA","70053","76 1st St"
"Overnite Transportation Co","(504) 254-9383","New Orleans","LA","70129","4201 Industrial Pkwy"
"Andy's Freight Terminal Inc","(504) 241-0808","New Orleans","LA","70126","6128 Old Gentilly Rd"
"Gist The Transportation System","(504) 736-7803","New Orleans","LA","70123","801 Edwards Ave"
"Allied Systems","(504) 944-0761","New Orleans","LA","70126","3300 Almonaster Ave"
"Carolina National Transportation","(504) 244-3858","New Orleans","LA","70126","6750 Old Gentilly Rd"
"American Transport 504","(504) 344-1330","New Orleans","LA","70116","1921 N Derbigny St"
"Aaa Cooper Transportation","(504) 831-2500","New Orleans","LA","70121","620 Dakin St"
"KVS Truck and Bobcat Service","(504) 836-9933","New Orleans","LA","70121","217 Brooklyn Ave"
"American Machinery Movers Inc","(504) 834-4930","New Orleans","LA","70121","247 Iris Ave"
"Turner Industries Group LLC","(504) 224-5167","New Orleans","LA","70121","401 Jefferson Hwy"
"Commercial Van & Truck Equipment","(504) 313-5364","New Orleans","LA","70123","1418 Distributors Row"
"Hamp's Construction LLC","(504) 367-1400","New Orleans","LA","70114","1319 Newton St"
"Commercial Van & Truck Equipment","(504) 676-6268","New Orleans","LA","70123","1418 Distributors Row"
"South Loop Auto Storage","(713) 797-0099","Houston","TX","77054","2222 Engelmohr St"
"B & B Vehicle Storage","(713) 981-6272","Houston","TX","77074","9402 White Chapel Ln"
"Poppy Auto Storage Inc","(713) 460-3068","Houston","TX","77041","5710 Campbell Rd"
"AAA Cooper Transportation","(713) 631-7737","Houston","TX","77016","5735 Little York Rd"
"American Auto Storage","(713) 784-6977","Houston","TX","77063","8747 Schumacher Ln"
"Autoline Transport","(800) 991-2187","Houston","TX","77057","6420 Richmond Ave"
"Houston Auto Shipping","(346) 200-8494","Houston","TX","77009","1503 Quitman St"
"Autoplex Transport","(713) 429-1994","Houston","TX","77057","5930 Star Ln Ste D"
"iShipCar.com","(855) 937-4472","Houston","TX","77004","1502 Stuart St"
"Statewide Auto Transport CarCarriers for Less","(832) 892-2486","Houston","TX","77064","12330 N Gessner Rd Apt 733"
"Houston Auto Shipping","(281) 407-2720","Houston","TX","77002","1110 Texas St"
"TRANS AUTO SOLUTION INC","(832) 348-9506","Houston","TX","77066",""
"Top Guns Truck & Equipment","(713) 675-6939","Houston","TX","77029","505 Pearl St"
"Now Hiring Trucking :Freight Broker Agent Positions SW TEXAS","(682) 438-7454","Houston","TX","77060","12300 North Fwy"
"Snelson Services Company","(713) 223-8500","Houston","TX","77029","8008 Wiggins St"
"McClain Trailers","(888) 675-5550","Houston","TX","77015","12942 McNair St"
"Paragon Auto Transport","(281) 815-4020","Houston","TX","77065","9597 Jones Rd"
"Action Trucking","(713) 433-4574","Houston","TX","77047","1306 E Anderson Rd"
"Marx Motorcycle Moving","(281) 444-6279","Houston","TX","77038","1209 1/2 Blue Bell Rd"
"Adams Warehouse & Delivery","(713) 987-4861","Houston","TX","77018","3701 Yale St"
"Jones Delivery Service, Inc","(713) 481-4299","Houston","TX","77091","3008 Cliffdale St"
"Master Hitch Inc","(832) 781-0307","Houston","TX","77081","5300 Glenmont Dr"
"TBS Trucking","(713) 699-2950","Houston","TX","77022","835 Wainwright St"
"Derby Logistics","(832) 775-8944","Houston","TX","77022","6803 Fulton St"
"Today Made Simple LLC Logistics Division","(877) 471-1753","Houston","TX","77095","15821 Fm 529 Rd Suite 221"
"Al Tucker Trailers Inc","(713) 588-5968","Houston","TX","77028","7401 North Loop E"
"KC Oles Transportation LLC","(832) 680-1233","Houston","TX","77033","6156 Doulton Dr"
"Utility Trailer Sales Southeast Texas Inc","(830) 299-4427","Houston","TX","77013","11411 Wallisville Rd"
"Nick's Diesel Service","(832) 463-5465","Houston","TX","77029","505 Pearl St"
"Utility  Trailer Sales Southeast TexasTrailers Service & Repair","(832) 930-5134","Houston","TX","77013","11411 Wallisville Rd"
"Thrifty Car Rental","(206) 213-8572","Seattle","WA","98109","925 Westlake Ave N"
"Moving Help - Seattle's Best Moving","(866) 748-4110","Seattle","WA","98101","612 Stewart St"
"Moving Help - Aaamovers","(206) 673-2006","Seattle","WA","98104","123 S Main St"
"Lake City Mini Storage","(206) 365-3282","Seattle","WA","98125","3116 NE 130th St"
"Magnolia Bridge Self Storage","(206) 286-1900","Seattle","WA","98119","1900 15th Ave W"
"National Car Rental","(877) 365-6591","Seattle","WA","98101","1601 3rd Ave"
"Seattle Vault Self Storage","(206) 467-5309","Seattle","WA","98101","1800 Terry Ave"
"Urban Storage Tully's","(206) 623-9100","Seattle","WA","98134","918 S Horton St"
"Seattle Self Storage","(206) 323-3000","Seattle","WA","98144","1100 Poplar Pl S"
"West Coast Self-Storage Columbia City","(206) 956-4444","Seattle","WA","98144","3736 Rainier Ave S"
"Enterprise Truck Rental","(206) 623-3588","Seattle","WA","98134","3413 4th Ave S"
"Metro Heated Storage","(206) 527-8300","Seattle","WA","98115","8908 Lake City Way NE"
"Continental Van Lines, Inc","(206) 937-2261","Seattle","WA","98106","4501 W Marginal Way SW"
"Paccar","(206) 624-7383","Seattle","WA","98108","3801 Airport Way S"
"Western Pacific Leasing Inc","(206) 624-0230","Seattle","WA","98108","3801 Airport Way S"
"International Leasing Co Inc","(206) 622-2366","Seattle","WA","98108","3801 7th Ave S"
"PAC Lease","(206) 624-0230","Seattle","WA","98134","3707 Airport Way S"
"New Way Leasing","(206) 234-1209","Seattle","WA","98134","2726 3rd Ave S"
"Ryder","(206) 621-7583","Seattle","WA","98109","1164 Denny Way"
"Croft Truck Rentals","(206) 243-3311","Seattle","WA","98146","11229 16th Ave SW"
"National Barricade","(206) 504-1910","Seattle","WA","98115","6518 Ravenna Ave NE"
"Big D Towing","(206) 397-0696","Seattle","WA","98107","908 NW 49th St"
"Handy Andy Rent-A-Tool","(206) 316-2871","Seattle","WA","98133","10711 Aurora Ave N"
"Enterprise Rent-A-Car","(713) 645-7222","Houston","TX","77061","8601 Panair St"
"Elite Rent-A-Car","(713) 227-3777","Houston","TX","77063","9510 Richmond Ave"
"Cdl Express Truck Rentals & Sales","(713) 692-8134","Houston","TX","77093","9800 Eastex Fwy"
"Bap Car & Truck Rentals","(281) 820-8080","Houston","TX","77037","9522 North Fwy"
"Capps Rent A Car Inc","(713) 691-0485","Houston","TX","77022",""
"Arena Trucking","(832) 284-6006","Houston","TX","77062","16302 El Camino Real"
"U Haul Co","(281) 815-4528","Houston","TX","77095","8326 Highway 6 N"
"U Haul Co","(281) 571-7176","Houston","TX","77070","9407 Cypress Creek Pkwy"
"Quality Trucking Inc","(281) 456-8050","Houston","TX","77049","8325 Miller Road 2"
"U Store It","(832) 397-6146","Houston","TX","77075","9900 Rowlett Rd"
"Idealease Of Houston","(713) 690-3212","Houston","TX","77040","14201 Hempstead Rd"
"Hawkinsregina","(281) 999-0838","Houston","TX","77088","6311 Bayou Crest Dr"
"Third Coast Rent-A-Car","(713) 941-7368","Houston","TX","77034","1058 Edgebrook Dr"
"West Oak Trucking","(832) 767-0881","Houston","TX","77088","6527 Morningsage Ln"
"Houston Idealist","(713) 675-3465","Houston","TX","77013","9222 Wallisville Rd"
"The Mint Leasing","(281) 628-5680","Houston","TX","77024","333 West Loop N"
"Adobe Resources Ltd","(713) 675-6200","Houston","TX","77029","710 Mccarty St"
"M & L Truck Leasing Inc","(713) 224-7150","Houston","TX","77011","4905 Navigation Blvd"
"Moving Help - Keep You Moving Co.","(281) 809-6694","Houston","TX","77041","6111 Wolfboro Dr"
"Moving Help","(281) 809-6697","Houston","TX","77072","7500 Cook Rd"
"24/7 Mini Storage","(832) 722-7788","Houston","TX","77064","9228 Windfern Rd"
"Ryder","(713) 672-2300","Houston","TX","77028","7007 North Loop E"
"Rush Truck Leasing","(713) 921-5060","Houston","TX","77026","6300 North Loop E"
"BlueLine Rental","(713) 987-0206","Houston","TX","77048","4650 S Sam Houston Pkwy E"
"PV Rentals","(713) 961-9121","Houston","TX","77081","5810 S Rice Ave"
"BJ Drake House Moving Company","(281) 449-7700","Houston","TX","77032","2111 Aldine Bender Rd"
"Pecos Storage","(480) 252-6670","Phoenix","AZ","85048","3087 E Pecos Rd"
"Dollar Self Storage","(602) 439-9292","Phoenix","AZ","85029","4170 W Peoria Ave"
"Rent-A-Wreck","(480) 264-8903","Phoenix","AZ","85040","4001 E Broadway Rd"
"Arizona Storage Inns","(602) 495-1412","Phoenix","AZ","85009","2130 W Van Buren St"
"AAA Executive Movers","(602) 773-7007","Phoenix","AZ","85043","930 S 67th Ave"
"Life Storage","(602) 841-9504","Phoenix","AZ","85019","3641 W Camelback Rd"
"Dollar Rent A Car","(877) 492-6693","Phoenix","AZ","85034","1722 E Rental Car Way"
"National Car Rental","(844) 370-8285","Phoenix","AZ","85034","1805 E Sky Harbor Cir S"
"Enterprise Rent-A-Car","(844) 816-4387","Phoenix","AZ","85034","1805 E Sky Harbor Cir S"
"Vanguard Car Rental USA Inc","(602) 942-1803","Phoenix","AZ","85023","2577 W Greenway Rd"
"Tci Truck Leasing","(623) 478-0440","Phoenix","AZ","85043","710 S 67th Ave"
"U S Commercial Truck Rentals","(602) 336-4117","Phoenix","AZ","85015","1990 W Camelback Rd"
"Paclease","(503) 285-6808","Phoenix","AZ","85009","2600 W Mcdowell Rd"
"Desert Star Diesel","(623) 466-5301","Phoenix","AZ","85009","625 S 27th Ave Ste 150"
"A-1 Van Leasing & Rental","(602) 275-7300","Phoenix","AZ","85034","2217 E Washington St"
"Hogan Truck Leasing & Rental:  Phoenix, AZ","(480) 795-4777","Phoenix","AZ","85007","1801 W Watkins Road"
"Rwc Idealease","(602) 233-8080","Phoenix","AZ","85007","2320 S 15th Ave"
"Scully Truck Rental & Leasing","(602) 252-6700","Phoenix","AZ","85007","2320 S 15th Ave"
"Ryder","(602) 254-2604","Phoenix","AZ","85007","2115 S 11th Ave"
"U Haul Moving & Storage","(602) 269-0045","Phoenix","AZ","85009","3305 W Van Buren St"
"Rush Truck Leasing","(602) 278-0348","Phoenix","AZ","85009","625 S 27th Ave Ste 160"
"Moving Help - Top To Bottom Moving & Cleaning Ser","(866) 877-3523","Phoenix","AZ","85006","1025 N 7th St"
"National Car Rental","(215) 387-9077","Philadelphia","PA","19104","2955 Market St"
"Enterprise Rent-A-Car","(215) 225-2500","Philadelphia","PA","19141","5847 N Broad St"
"Self Service Storage","(215) 569-0732","Philadelphia","PA","19130","2000 Hamilton St Ste 113"
"Mr. Storage","(215) 688-5472","Philadelphia","PA","19120","5440 N 6th St"
"21st Century Storage","(215) 600-2405","Philadelphia","PA","19134","3503 B St"
"Retail Express Delivery","(215) 632-2600","Philadelphia","PA","19114","2750 Grant Ave"
"Miller Truck Leasing","(215) 552-9832","Philadelphia","PA","19116","2196 Bennett Rd"
"Hunter Philadelphia Idealease","(215) 856-7601","Philadelphia","PA","19114","9801 Blue Grass Rd"
"Hunter Truck Sales Inc","(215) 856-7606","Philadelphia","PA","19114","9801 Blue Grass Rd"
"Matlack Leasing","(610) 595-1121","Philadelphia","PA","19113","2 International Plz"
"Sam W Smith Moving & Hauling Co.","(215) 743-5562","Philadelphia","PA","19124","1728 Meadow St"
"Idealease Truck Renting & Lsng","(215) 338-9025","Philadelphia","PA","19137","4055 Richmond St"
"Champion Car & Truck Rental","(215) 729-5377","Philadelphia","PA","19153","6938 Norwitch Dr"
"Gordon Truck Leasing","(215) 462-6160","Philadelphia","PA","19148","3499 S 3rd St"
"Miller Truck Leasing","(215) 644-8326","Philadelphia","PA","19148","3200 S 7th St"
"Wolfson Fred Truck Renting","(717) 627-8497","Philadelphia","PA","19125","401 E Girard Ave"
"Volkert Truck & Car Rental","(215) 923-0353","Philadelphia","PA","19107","315 N 12th St"
"Insurance Rent-A-Car","(215) 632-0666","Philadelphia","PA","19102","NE Phila"
"CITYRAC Car and Truck Rental","(215) 904-0004","Philadelphia","PA","19115","1714 Grant ave"
"ALL CITY RENTAL. CARS AND TRUCKS RENTAL.","(215) 904-0004","Philadelphia","PA","19115","1714 Grant Ave"
"Moving Help - A And D Moving","(215) 764-5837","Philadelphia","PA","19142","2638 S Carroll St"
"AAA Rent-A-Car","(215) 492-8554","Philadelphia","PA","19153","6750 Norwitch Dr"
"Champman Car & Truck Rental","(215) 698-7011","Philadelphia","PA","19114","9371 Roosevelt Blvd"
"Ryder","(215) 336-4250","Philadelphia","PA","19146","1450 S Warfield St"
"Storage Depot Mcmullen","(210) 432-4455","San Antonio","TX","78237","1750 S General Mcmullen Dr Ste 101"
"Accent Equipment Co. LLC","(210) 659-9299","San Antonio","TX","78233","13710 Judson Rd"
"S.A. Park-N-Sell","(210) 607-8094","San Antonio","TX","78223","12255 S Us Highway 181"
"Storage Depot Huebner","(210) 558-4460","San Antonio","TX","78240","9031 Huebner Rd"
"Lone Star Truck & Equipment","(210) 667-9599","San Antonio","TX","78219","5919 Bicentennial St"
"National Car Rental","(210) 824-1841","San Antonio","TX","78216","8530 Eastern St"
"Kyrish Isuzu/Used Truck Center of San Antonio","(210) 661-8371","San Antonio","TX","78219","4300 Interstate 10 E"
"Advantage Rent A Car","(210) 340-1046","San Antonio","TX","78216","10115 Mcallister Fwy"
"Coleman American Moving","(877) 693-7060","San Antonio","TX","78219","1510 Cornerway Boulevard, #113"
"American Storage","(210) 688-9000","San Antonio","TX","78254","8223 Leslie Rd"
"Adkins Mini Storage","(210) 649-3793","San Antonio","TX","78263","9655 Us Highway 87 E"
"Life Storage","(210) 670-8100","San Antonio","TX","78245","10260 Marbach Rd"
"Enterprise Rent-A-Car","(210) 924-3400","San Antonio","TX","78214","1418 SE Military Dr"
"Nite Ryder","(210) 289-6400","San Antonio","TX","78230","14011 Cougar Rock Dr"
"Rush Pac Lease","(210) 650-0518","San Antonio","TX","78217","11122 Iota Dr"
"Salem Truck Leasing","(210) 666-5540","San Antonio","TX","78220","415 SE Loop 410"
"U Haul Co","(210) 731-8557","San Antonio","TX","78213","1836 Jackson Keller Rd"
"Idealease","(210) 337-0500","San Antonio","TX","78219","4300 Interstate 10 E"
"CDL Rental Service - CDL Test Truck Rental","(210) 501-9878","San Antonio","TX","78233","S New Braunfels"
"Jrs Trailers & Truck Rentals","(210) 226-2225","San Antonio","TX","78225","3405 Nogalitos"
"Ryder","(210) 223-5086","San Antonio","TX","78210","8691 I St"
"Salem Nationalease","(210) 666-5425","San Antonio","TX","78220","415 SE Loop 410"
"Life Storage","(469) 759-9998","Dallas","TX","75226","717 S Good Latimer Expy"
"Storage","(972) 885-6509","Dallas","TX","75243","8500 Lyndon B Johnson Fwy"
"National Car Rental","(833) 635-0438","Dallas","TX","75241","2424 Simpson Stuart Rd"
"Enterprise Rent-A-Car","(214) 522-0395","Dallas","TX","75219","2820 Oak Lawn Ave"
"Toyota Rent a Car","(972) 279-1171","Dallas","TX","75228","12650 Lyndon B Johnson Fwy"
"Claycomb Associates Inc","(972) 233-6100","Dallas","TX","75240","6600 Lyndon B Johnson Fwy Ste 185"
"Henpiennaski Truck Sales Parts And Lease","(469) 465-5807","Dallas","TX","75230","12700 Hillcrest Road 4290 Cameron Street,Suite 6,Las Vegas,Nevada 89103."
"Alexis Big Tops","(214) 333-0205","Dallas","TX","75236","5512 S Cockrell Hill Rd"
"Cox Billy D Truck Leasing Inc","(972) 556-0270","Dallas","TX","75220","10606 Goodnight Ln"
"Paccar Leasing Company","(214) 357-2499","Dallas","TX","75220","10620 N Stemmons Fwy"
"Enterprise Leasing of Dfw","(972) 456-5120","Dallas","TX","75216","3737 S Marsalis Ave"
"Access Truck Rental","(214) 372-3880","Dallas","TX","75224","3427 Marvin D Love Fwy"
"Clyde's Dale Trucking","(214) 371-8221","Dallas","TX","75216","3334 Idaho Ave"
"Conwell Corp","(214) 630-8090","Dallas","TX","75247","1145 Empire Central Pl"
"Vehicle Leasing II LP","(817) 461-8888","Dallas","TX","75206","4925 Greenville Ave"
"Advantage Car Rental","(214) 358-6510","Dallas","TX","75235","6900 Aubrey Ave"
"Absolute Self Storage","(214) 388-8447","Dallas","TX","75227","5656 Military Pkwy"
"Southwest International/Idealease","(214) 689-1500","Dallas","TX","75247","2959 Irving Blvd"
"Cornerstone Storage","(214) 821-2800","Dallas","TX","75204","4721 Ross Ave"
"MHC Truck Leasing-South Dallas","(469) 341-3550","Dallas","TX","75241","34661 Lyndon B Johnson Fwy"
"Ryder","(469) 914-0063","Dallas","TX","75247","3200 Halifax St"
"ADVANTAGE Truck Center","(704) 597-0551","Charlotte","NC","28206","3880 Jeff Adams Dr"
"Charlotte Van and Storage","(704) 525-4660","Charlotte","NC","28217","213 Verbena St"
"American Store & Lock","(704) 266-3798","Charlotte","NC","28273","10660 S Tryon St"
"Adventure Vans","(704) 527-5454","Charlotte","NC","28217","4765 South Blvd"
"MHC Truck Leasing","(704) 909-2493","Charlotte","NC","28273","230 Westinghouse Blvd"
"Logistic Leasing","(704) 927-6450","Charlotte","NC","28269","5201 Sunset Rd"
"Gelco","(704) 597-9006","Charlotte","NC","28206","1326 W Craighead Rd"
"Rush Truck Leasing-Charlotte Idealease","(704) 333-4507","Charlotte","NC","28206","1333 Ameron Dr"
"Baltimore Car & Truck Repair","(704) 394-0020","Charlotte","NC","28208","3009 Rozzelles Ferry Rd"
"Moving Help","(980) 613-4544","Charlotte","NC","28212","5701 Executive Center Dr"
"Mobilease","(704) 523-0405","Charlotte","NC","28209","5200 Park Rd"
"EZ Truck Rental","(704) 332-2277","Charlotte","NC","28205","3434 Monroe Rd"
"Ryder","(704) 208-3940","Charlotte","NC","28273","201 Forsyth Hall Dr"
"A-1 Affordable Movers","(704) 779-1718","Charlotte","NC","28269","5800 W W T Harris Blvd"
"New Beginnings Moving And Storage","(704) 536-6674","Charlotte","NC","28215","5214 Aria Ct"
"United Brokerage","(704) 588-8505","Charlotte","NC","28273","2355 Township Rd"
"Cooper Leasing","(980) 229-4908","Charlotte","NC","28273","230 E Westinghouse Blvd"
"Advantage Truck Leasing","(704) 596-0566","Charlotte","NC","28206","1912 Cottonwood St"
"Life Storage","(980) 729-6300","Charlotte","NC","28262","1325 W Mallard Creek Church Rd"
"Triangle Rent A Car","(704) 527-1900","Charlotte","NC","28209","4226A South Blvd"
"McGirt Trucking Co","(704) 588-8527","Charlotte","NC","28273","13001 General Dr"
"Mini-Mac Storage Center","(704) 545-6313","Charlotte","NC","28227","8217 Fairview Rd"
"National Car Rental","(844) 366-8843","Charlotte","NC","28208","5489 Josh Birmingham Pkwy"
"Enterprise Fleet Management","(704) 944-4460","Charlotte","NC","28262","8335 Ibm Dr Ste 100"
"Carolina Rent A Car","(704) 625-2728","Charlotte","NC","28213","6408 N Tryon St"
"1st American Storage","(682) 233-6244","Fort Worth","TX","76164","1850 Ephriham Ave"
"Bell Brothers Moving","(817) 713-1712","Fort Worth","TX","76133","3362 Bilglade Rd"
"Thrifty Car Rental","(817) 332-5205","Fort Worth","TX","76102","917 Taylor St"
"Texas First Rentals Fort Worth","(817) 803-2933","Fort Worth","TX","76106","1600 NE Loop 820"
"Life Storage","(877) 327-2985","Fort Worth","TX","76133","6050 Granbury Rd"
"U-Box of Fort Worth","(817) 807-5615","Fort Worth","TX","76112","6050 Tension Dr"
"Storage King Self Storage","(817) 238-7373","Fort Worth","TX","76179","8065 Old Decatur Rd"
"Rufe Snow Depot Self Storage","(817) 281-2992","Fort Worth","TX","76148","6707 Rufe Snow Dr"
"US Storage Centers - Fort Worth","(817) 380-4790","Fort Worth","TX","76244","4772 Golden Triangle Blvd"
"Storage Depot","(817) 764-1310","Fort Worth","TX","76137","6650 N Riverside Dr"
"MM MOVING SERVICES","(682) 444-5166","Fort Worth","TX","76107","4200 Curzon Ave"
"D&J Motors","(817) 738-2886","Fort Worth","TX","76116","4117 Benbrook Hwy"
"Securlock Storage At Fort Worth","(817) 737-6000","Fort Worth","TX","76116","3500 River Bend Blvd"
"Enterprise Rent-A-Car","(817) 885-8219","Fort Worth","TX","76102","1001 Jones St Ste 139"
"CDL Rental Service CDL Truck Rental","(210) 501-9878","Fort Worth","TX","76140",""
"Uelc","(817) 231-8300","Fort Worth","TX","76177","1979 Josh Rd"
"Utility Equipment Leasing Corp","(817) 231-8300","Fort Worth","TX","76177","1979 Josh Rd"
"Bcr Equipment Rental","(817) 446-2408","Fort Worth","TX","76112","6731 Bridge St"
"Paccar Leasing Corporation","(817) 625-4288","Fort Worth","TX","76111","3312 Dooling St"
"Paccar","(817) 625-0323","Fort Worth","TX","76111","2951 Braswell Dr"
"Mhc Truck Leasing - Fort Worth","(817) 624-7200","Fort Worth","TX","76106","2900 Deen Rd"
"Salem Leasing Corporation","(817) 566-9399","Fort Worth","TX","76111","2558 NE 28th St"
"Ryder","(817) 921-3565","Fort Worth","TX","76115","4712 South Fwy"
"Burrells Tire Service","(817) 232-1941","Fort Worth","TX","76131","200 S Blue Mound Rd"
"Moving Help","(615) 970-7919","Nashville","TN","37217","202 Seneca Forest Ct"
"Dollar Rent A Car","(615) 275-1921","Nashville","TN","37217","140 Kendall Park Dr"
"Moving Help","(615) 970-7914","Nashville","TN","37205","983 Windrowe Dr"
"Rent-A-Wreck","(615) 885-8310","Nashville","TN","37214","201 Donelson Pike"
"Advantage Rent-A-Car","(615) 391-9105","Nashville","TN","37214","534 Donelson Pike"
"Moving Help","(615) 970-7913","Nashville","TN","37214","232 Ridgeway Dr"
"Kile Idealease","(615) 367-9453","Nashville","TN","37210","1511 Elm Hill Pike"
"Moving Help","(615) 970-7903","Nashville","TN","37217","2067 Nashboro Blvd"
"Enterprise Rent-A-Car","(615) 647-8152","Nashville","TN","37214","1 Terminal Dr"
"Thrifty Car Rental","(615) 361-6050","Nashville","TN","37217","1313 Vultee Blvd"
"National Car Rental","(877) 365-6591","Nashville","TN","37217","760 Hangar Ln"
"Atlas Discount Car & Van Rental","(615) 885-1088","Nashville","TN","37203","Airport - Donelson - Antioch"
"PacLease","(615) 850-1365","Nashville","TN","37211","115 Haywood Ln"
"Firstlease Truck Rental & Leasing","(615) 244-3404","Nashville","TN","37210","1321 Foster Ave"
"Autow","(615) 244-1130","Nashville","TN","37210","1406 Lebanon Pike"
"General Car and Truck Leasing Used Truck Center","(615) 627-0200","Nashville","TN","37210","1312 Lebanon Pike"
"Mhc Trucking","(615) 313-0060","Nashville","TN","37210","1234 Fesslers Ln"
"Moving Help","(615) 970-7898","Nashville","TN","37211","5008 Raywood Ln"
"Anna's Organizing Solutions","(615) 970-7916","Nashville","TN","37210","2630 Malden Dr"
"Rapid Ways Truck Leasing - Nashville","(615) 254-6688","Nashville","TN","37210","437 Enos Reed Dr"
"Ryder","(615) 259-5525","Nashville","TN","37210","1227 Fesslers Ln"
"U Haul Moving & Storage","(615) 932-2177","Nashville","TN","37208","1803 Buchanan St"
"Nextran Truck Center","(205) 322-2534","Birmingham","AL","35203","Al 35203"
"Life Storage","(877) 324-9613","Birmingham","AL","35216","3625 Lorna Rd"
"Thrifty Car Rental","(877) 283-0898","Birmingham","AL","35212","5600 Airline Dr"
"Southland International Trucks","(205) 254-1821","Birmingham","AL","35233","214 10th St S"
"Southland International Trucks","(205) 942-6226","Birmingham","AL","35209","200 Oxmoor Blvd"
"South Haul Truck Rentals","(205) 822-9688","Birmingham","AL","35216","2034 Little Valley Rd"
"NationaLease","(330) 759-0438","Birmingham","AL","35228","8 Phillips Dr"
"Idealease Inc","(205) 941-2426","Birmingham","AL","35209","200 Oxmoor Blvd"
"Rush Truck Leasing","(205) 791-2293","Birmingham","AL","35214","601 Republic Cir"
"Lesco Truck Leasing & Rental","(205) 324-8999","Birmingham","AL","35204","326 26th Ave W"
"Autow Nationalease","(205) 849-0811","Birmingham","AL","35234","2222 Vanderbilt Rd"
"Southland Idealease","(205) 254-1823","Birmingham","AL","35233","214 10th St S"
"NationaLease","(205) 251-9545","Birmingham","AL","35203","2924 3rd Ave N"
"Metro Mini Storage","(205) 942-1943","Birmingham","AL","35209","175 W Oxmoor Rd"
"Metro Truck Rental","(205) 942-1942","Birmingham","AL","35209","212 W Oxmoor Rd"
"Ryder","(205) 943-7101","Birmingham","AL","35209","275 Snow Dr"
"National Car Rental","(833) 886-0849","Birmingham","AL","35212","5527 Airline Dr"
"Metro Mini Storage","(205) 214-9990","Birmingham","AL","35203","900 17th St N"
"South Hall Self Storage Inverness","(205) 995-8555","Birmingham","AL","35242","4752 Highway 280"
"Southland Transportation Group","(205) 942-6226","Birmingham","AL","35209","200 Oxmoor Blvd"
"Metro Mini Storage","(205) 655-1115","Birmingham","AL","35235","1930 Gadsden Hwy"
"Dollar Rent A Car","(205) 591-8666","Birmingham","AL","35212","5900 Messer Airport Hwy"
"Enterprise Rent-A-Car","(205) 591-1927","Birmingham","AL","35212","5900 Messer Airport Hwy"
"Metro Self Storage","(813) 631-7900","Tampa","FL","33612","1821 E Fletcher Ave"
"United Mini Storage","(813) 963-5440","Tampa","FL","33624","5002 W Linebaugh Ave Ste D"
"Carl's Van Rentals","(813) 872-7111","Tampa","FL","33607","1110 N West Shore Blvd"
"U-Box of Tampa","(813) 247-2269","Tampa","FL","33611","3939 W Gandy Blvd"
"National Car Rental","(813) 223-9318","Tampa","FL","33602","725 S Harbour Island Blvd"
"Ace Rent A Car","(813) 287-1872","Tampa","FL","33607","5002 W Cypress St"
"Life Storage","(866) 247-6895","Tampa","FL","33603","1792 W Hillsborough Ave"
"South Dale Mabry Self Storage","(813) 832-3882","Tampa","FL","33611","4307 S Dale Mabry Hwy"
"Thrifty Car Rental","(877) 539-5085","Tampa","FL","33607","5503 W Spruce St"
"Enterprise Rent-A-Car","(813) 396-4000","Tampa","FL","33607","4030 George J Bean Pkwy"
"Jgmy","(813) 963-0070","Tampa","FL","33625","5717 Gunn Hwy"
"Tampa Idealease","(813) 626-9285","Tampa","FL","33610","5951 Orient Rd"
"Rush Truck Leasing Tampa","(813) 371-2130","Tampa","FL","33619","8109 E Adamo Dr"
"Confort Rent A Car","(813) 890-9111","Tampa","FL","33634","5011 W Hillsborough Ave"
"Vinny's U-haul","(800) 468-4285","Tampa","FL","33604","7802 N Armenia Ave"
"Transportation Leasing","(813) 933-6667","Tampa","FL","33619","6221 E Broadway Ave"
"Big Truck Rental- Lemon","(813) 261-0820","Tampa","FL","33609","5001 W Lemon St"
"Big Truck Rental","(813) 261-0820","Tampa","FL","33619","1039 S 50th St"
"World One","(813) 247-5936","Tampa","FL","33675","Po Box 5508"
"Mcclainsrentals,Inc","(813) 867-0061","Tampa","FL","33602","401 East Jackson Street, Ste 2340"
"Delta Leasing Corp","(813) 621-4604","Tampa","FL","33619","6021 E Adamo Dr"
"Moving Help - Best In The Business","(813) 498-2093","Tampa","FL","33610","1511 E Henry Ave"
"Ryder","(813) 621-8836","Tampa","FL","33605","4008 E Columbus Dr"
"Critter Control of Tampa","(610) 640-1454","Tampa","FL","33612","1717 E Busch Blvd"
"Mov-N-U Moving Service","(901) 255-4060","Memphis","TN","38112","2552 Poplar Ave Suite 414"
"Midtown Vault Self Storage","(901) 725-9992","Memphis","TN","38104","1485 Madison Ave"
"Winchester Pointe Self Storage","(904) 565-0454","Memphis","TN","38115","6714 Winchester Pointe Cv"
"Armstrong Relocation","(901) 363-1914","Memphis","TN","38118","3927 Winchester Rd"
"Dollar Rent A Car","(866) 434-2226","Memphis","TN","38116","2491 Winchester Rd"
"General Truck Sales And Services Inc","(901) 345-3270","Memphis","TN","38116","1973 E Brooks Rd"
"Thrifty Car Rental","(877) 283-0898","Memphis","TN","38132","2780 Airways Blvd"
"Hogan Truck Leasing & Rental: Memphis, TN","(901) 375-0024","Memphis","TN","38118","4510 Getwell Rd"
"Mov-N-U Moving Service","(901) 255-4060","Memphis","TN","38118","4078 Laconia Ln"
"National Car Rental","(844) 370-9812","Memphis","TN","38116","2495 Winchester Rd"
"Affordable Vans and Trucks","(901) 278-7800","Memphis","TN","38104","2045 Madison Ave"
"Enterprise Rent-A-Car","(901) 751-8588","Memphis","TN","38125","7263 Winchester Rd"
"Daco Nationalease","(901) 332-0700","Memphis","TN","38116","1761 E Brooks Rd"
"Cordova","(901) 794-0665","Memphis","TN","38118",""
"One Way Enterprise","(901) 737-0072","Memphis","TN","38125","7759 Nash Dr"
"Ruan Truck Rental & Leasing","(901) 362-1600","Memphis","TN","38141","5009 Bledsoe Rd"
"Hogan Truck Leasing Inc","(901) 375-0024","Memphis","TN","38118","4510 New Getwell Rd"
"Hogan Truck Leasing Inc","(901) 366-0675","Memphis","TN","38118","4300 Getwell Rd"
"Summit Lease & Rental","(901) 348-2722","Memphis","TN","38116","1850 E Brooks Rd"
"Lease Midwest Inc","(901) 332-0080","Memphis","TN","38116","1721 Transport Ave"
"Mid-South Used Trucks Sales","(901) 345-1361","Memphis","TN","38116","707 E Brooks Rd"
"Nationa Lease","(901) 332-0700","Memphis","TN","38118","4727 Pleasant Run Rd"
"Mhc Truck Leasing - Memphis","(901) 332-0080","Memphis","TN","38116","1721 Transport Ave"
"Memphis Trucking Company","(901) 209-4898","Memphis","TN","38111","3436 Carnes Avenue Apartment 1"
"Xtra Lease","(901) 794-8700","Memphis","TN","38118","5630 Meltech Blvd"
"Ryder","(901) 365-1666","Memphis","TN","38118","4230 Concorde Rd"
"Moving Help - Helping Hands Moving","(866) 877-3523","Omaha","NE","68106","5038 Center St"
"Marty's Auto & Light Truck Repair","(531) 444-1800","Omaha","NE","68106","4545 Leavenworth St"
"Armor Storage","(712) 323-5253","Council Bluffs","IA","51501","912 N 35th St"
"Armor Storage","(402) 572-7200","Omaha","NE","68104","5655 N 71st St"
"Batten Trailer Leasing","(402) 339-1429","Omaha","NE","68117","4511 S 67th St Ste 2"
"Armor Storage","(402) 557-6834","Omaha","NE","68104","5804 Ames Ave"
"Thrifty Car Rental","(402) 345-1041","Omaha","NE","68110","4501 Abbott Dr Ste 1200"
"Armor Storage","(402) 552-9006","Omaha","NE","68132","1140 NW Radial Hwy"
"Dollar Rent A Car","(712) 347-5185","Omaha","NE","68102","101 S 10th St"
"Strong Box Airport Mini Storage","(712) 347-5700","Carter Lake","IA","51510","1225 Avenue H"
"Hansen Arne R Van & Storage","(402) 734-3834","Omaha","NE","68107","4213 Dahlman Ave"
"Enterprise Rent-A-Car","(402) 342-3800","Omaha","NE","68102","2323 Harney St"
"National Car Rental","(844) 370-3138","Omaha","NE","68110","4601 Abbott Dr"
"Cornhusker International Inc","(402) 345-8498","Omaha","NE","68127","4141 S 80th St"
"Wlw Truck Leasing INC","(712) 366-0326","Omaha","NE","68107",""
"Lone Mountain Truck Leasing","(866) 512-5685","Carter Lake","IA","51510","200 Owen Parkway Cir"
"Idealease Inc","(402) 331-8807","Omaha","NE","68127","4141 S 80th St"
"Brown Truck Leasing","(402) 341-2994","Omaha","NE","68108","2209 S 24th St"
"Moving Help - Big-O Movers","(402) 718-8697","Omaha","NE","68106","6931 Wright Plz # P-3"
"Moving Help - Itadmotion","(402) 718-8700","Omaha","NE","68111","6336 N 34th St"
"Omaha Trucking Company","(402) 200-4616","Omaha","NE","68111","2201 N 38th Ave"
"Midwest Express Trucking","(402) 346-6424","Omaha","NE","68110","2615 N 11th St"
"Omaha Rental Service","(402) 392-2090","Omaha","NE","68134","2627 N 90th St"
"Brown Truck Leasing","(402) 339-4150","Omaha","NE","68127","4324 S 90th St"
"Ryder","(402) 339-0366","Omaha","NE","68117","6801 L St"
"rent-a-van Omaha LLC","(402) 933-2500","Omaha","NE","68138","9301 S 144th St"
"National Car Rental","(228) 864-0242","Gulfport","MS","39503","9400 Cuandet Rd"
"Handy Dandy Moving Service","(888) 936-6832","Gulfport","MS","39507","600 E Pass Rd"
"Dedeaux Rd East Self Storage","(228) 832-5560","Gulfport","MS","39503","12215 Dedeaux Rd"
"Convenient Self Storage","(228) 832-2424","Gulfport","MS","39507","307 Courthouse Rd"
"Dollar Rent A Car","(866) 434-2226","Gulfport","MS","39503","14035 Airport Rd"
"Biloxi Transfer & Storage","(228) 818-3523","Ocean Springs","MS","39564","5921B Gulf Tech Dr"
"Ryder","(228) 896-5131","Gulfport","MS","39503","10330 Express Dr"
"1 Stop Pawn","(228) 875-5081","Ocean Springs","MS","39564","2801 Bienville Blvd"
"B & B Mini Storage","(228) 875-9770","Ocean Springs","MS","39564","2422 Government St"
"Chris' Mini Storage","(228) 365-6539","Diberville","MS","39540",""
"D'iberville Equipment Rental & Sales","(228) 392-7368","Diberville","MS","39540","10509 Lemoyne Blvd"
"Thrifty Car Rental","(228) 386-7070","Biloxi","MS","39530","875 Beach Blvd"
"Life Storage","(228) 385-3700","Biloxi","MS","39532","1932 Popps Ferry Rd"
"Enterprise Rent-A-Car","(228) 386-7560","Biloxi","MS","39530","875 Beach Blvd"
"Frank's Stor All","(228) 396-3626","Biloxi","MS","39532","15905 Lemoyne Blvd"
"Maps Truck Leasing","(228) 207-1586","Biloxi","MS","39531","2131 Pass Rd"
"Truck Leasing Maps","(228) 207-1586","Biloxi","MS","39531","1725 Pass Rd"
"Portabox Storage","(808) 455-5565","Pearl City","HI","96782","1540 Hoonipo St"
"Gomes Truck Rental Inc","(808) 239-2053","Kaneohe","HI","96744","47-114 Wailehua Rd"
"ABC Auto Center","(808) 676-7044","Waipahu","HI","96797","94-137 Leoleo St"
"Hawai'i Self Storage","(808) 949-7233","Pearl City","HI","96782","98-138 Hila PL"
"Windward Moving & Storage Co","(808) 487-5522","Aiea","HI","96701","98-055 Kamehameha Hwy Unit C1"
"Advantage Rent A Car","(808) 834-0461","Honolulu","HI","96819","3179 N Nimitz Hwy"
"Hawai'i Self Storage","(808) 836-1500","Honolulu","HI","96819","808 Ahua St"
"HNL - Honolulu International Airport","(808) 836-6411","Honolulu","HI","96819","300 Rodgers Blvd"
"Ali'i Stor Mor","(808) 923-7233","Honolulu","HI","96819","808 Ahua St"
"Alii Stor-Mor","(808) 836-0135","Honolulu","HI","96819","2670 Kilihau St"
"Thrifty Car Rental","(808) 971-2660","Honolulu","HI","96815","325 Seaside Ave"
"Nippon Rent-A-Car","(808) 924-0887","Honolulu","HI","96815","2255 Kuhio Ave Ste 793"
"Nippon Rent A Car Service Inc","(808) 924-0887","Honolulu","HI","96815","2270 Kalakaua Ave"
"Dollar Rent A Car","(808) 951-0818","Honolulu","HI","96815","1777 Ala Moana Blvd"
"Jn Rentals","(808) 831-2724","Honolulu","HI","96819","2770 Waiwai Loop"
"Ali'i Stor Mor","(808) 791-7423","Honolulu","HI","96819","686 Ahua St"
"Enterprise Rent-A-Car Administration Office","(808) 836-0130","Honolulu","HI","96813","820 Mililani St"
"Tom's Auto LLC","(808) 391-4311","Honolulu","HI","96819","1918 Kalani St"
"Ryder","(808) 833-0700","Honolulu","HI","96819","545 Lagoon Dr"
"National Car Rental","(808) 834-6350","Honolulu","HI","96819","2912 Aolele St"
"Simply Storage Of Hawaii","(808) 842-1660","Honolulu","HI","96817","500 Alakawa St Ste 120"
"Dillingham Blvd Self Storage","(808) 841-9555","Honolulu","HI","96817","935 Dillingham Blvd"
"Pagoda Hotel","(808) 954-7423","Honolulu","HI","96814","1525 Rycroft St"
"United Truck Rental","(808) 834-6488","Honolulu","HI","96819","2804 Kilihau St"
"Bob's Equipment Sales & Rentals","(808) 847-2602","Honolulu","HI","96819","2285 Hoonee Pl"
"Cheap Rent A Car","(808) 596-8828","Honolulu","HI","96814","1137 Hopaka St"
"Enterprise Rent-A-Car","(808) 836-2213","Honolulu","HI","96819","3223 N Nimitz Hwy"
"Igps","(859) 881-9423","Nicholasville","KY","40356","1040 Bakers Ln"
"Bluegrass Enterprise Of Lexingt","(859) 255-2288","Lexington","KY","40505","694 E New Circle Rd"
"Dollar Rent A Car","(866) 434-2226","Lexington","KY","40510","4000 Terminal Dr"
"Space Center Storage","(859) 255-5656","Lexington","KY","40511","755 Newtown Pike"
"West Main Motors","(859) 233-2277","Lexington","KY","40508","646 W Main St"
"Lexington Mini Storage","(859) 296-1190","Lexington","KY","40509","2081 Bryant Rd"
"Space Center Storage","(859) 425-1129","Lexington","KY","40505","680 Tennessee Ave"
"Space Center Storage","(859) 278-0478","Lexington","KY","40503","279 Big Run Rd Ste B"
"Space Center Storage","(859) 269-0001","Lexington","KY","40517","150 Richmond Plz"
"Moving Help - Dolphin Moving & Transport","(866) 748-4110","Lexington","KY","40508","731 Price Ave"
"Moving Help - Big Time Movers","(859) 309-8783","Lexington","KY","40505","435 Carlisle Ave"
"National Car Rental","(877) 365-6591","Lexington","KY","40510","4000 Terminal Dr Ste 103"
"Safe Storage","(859) 809-9083","Lexington","KY","40510","910 Enterprise Ct"
"Dollins Enterprise","(859) 268-2857","Lexington","KY","40509","2891 Richmond Rd"
"Worldwide Equipment Leasing, Inc.","(859) 233-3740","Lexington","KY","40511","1677 Jaggie Fox Way"
"Enterprise Rent-A-Car","(833) 338-3315","Lexington","KY","40510","4000 Terminal Dr Ste 106"
"Aim National Leasing Co","(859) 253-0773","Lexington","KY","40511","1068 Whipple Ct"
"PacLease","(859) 254-6599","Lexington","KY","40511","1022 Brentwood Ct"
"Enterprise Commercial Trucks","(859) 253-9955","Lexington","KY","40511","960 Nandino Blvd"
"Murphy Leasing Inc","(859) 281-1682","Lexington","KY","40504","1057 S Broadway"
"Ryder","(859) 255-5171","Lexington","KY","40511","1018 Trotwood Dr"
"PacLease","(859) 381-8672","Lexington","KY","40511","1677 Jaggie Fox Way"
"Haynes Trucking LLC","(859) 254-2385","Lexington","KY","40508","1229 Versailles Rd"
"Fleet Services","(312) 944-7070","Chicago","IL","60601",""
"Aim Nationalease","(773) 344-3071","Chicago","IL","60628","700 E 107th St"
"Marcus Car & Truck Rental","(773) 978-7504","Chicago","IL","60617","8820 S Indianapolis Ave"
"Allard Rentals Marcus Truck","(773) 978-7504","Chicago","IL","60617","Rte 41"
"Ryder Transporter Svc","(630) 595-5177","Chicago","IL","60619","902 E 83rd St"
"Elite Rentals","(773) 685-1613","Chicago","IL","60641","3434 N Milwaukee Ave"
"Rush Truck Leasing-Chicago Idealease","(708) 496-7501","Chicago","IL","60638","4655 S Central Ave"
"Chicagoland Truck Rental","(773) 395-1200","Chicago","IL","60647","1631 N Avers Ave"
"Sunshine Movers Truck Rental Inc","(773) 235-0495","Chicago","IL","60614","2324 N Elston Ave"
"Goose Island Truck Rental","(773) 278-8474","Chicago","IL","60647","2333 N Seeley Ave"
"Zp Midway","(773) 650-9001","Chicago","IL","60632","4501 W 46th St"
"Enterprise Car Sharing","(855) 370-1212","Chicago","IL","60647","1646 N Milwaukee Ave"
"Little Village Truck Service","(773) 376-5816","Chicago","IL","60623","3201 S Kostner Ave"
"Strongbox","(312) 787-2800","Chicago","IL","60610","1516 N Orleans St"
"Ryder","(312) 243-6290","Chicago","IL","60607","1112 W Carroll Ave"
"Elite Truck Rental","(312) 329-9653","Chicago","IL","60606","125 S Wacker Dr"
"Chicago Truck Rentals","(773) 927-6737","Chicago","IL","60609","3700 S Ashland Ave"
"Pro-Tech Auto Repair & Truck Rental","(773) 890-0007","Chicago","IL","60609","3700 S Ashland Ave"
"U Stor It Midway","(773) 581-7815","Chicago","IL","60638","5660 W 55th St"
"Moving Help - Power Distributors","(866) 748-4110","Chicago","IL","60620","7722 S Loomis Blvd"
"Chicagoland Truck Rental","(773) 588-3939","Chicago","IL","60618","3939 W Montrose Ave"
"Chicago International Trucks","(708) 496-7500","Chicago","IL","60638","4655 S Central Ave"
"AM PM Premium Car Carrier & Auto Transport Co","(877) 419-2676","Chicago","IL","60661","304 S Halsted St Ste 207"
"Elite Truck Rental Inc","(312) 942-1001","Chicago","IL","60612","265 N Western Ave"
"Elite Truck Rental","(331) 303-2407","Chicago","IL","60612","265 N Western Ave"
"Elite Truck Rental","(312) 883-3221","Chicago","IL","60612","265 N Western Ave"
"Goin' Postal","(407) 704-8660","Orlando","FL","32827","9145 Narcoossee Rd"
"National Car Rental","(877) 365-6591","Orlando","FL","32827","1 Jeff Fuqua Blvd"
"Enterprise Rent-A-Car","(844) 951-0601","Orlando","FL","32827","1 Jeff Fuqua Blvd"
"Efficiency Enterprises Of Tampa","(407) 855-1028","Orlando","FL","32824","151 E Taft Vineland Rd"
"Florida Led Truck Rental Svc","(407) 928-2980","Orlando","FL","32824","10501 S Orange Ave"
"Rush Truck Leasing-Orlando","(407) 240-7511","Orlando","FL","32824","339 Thorpe Rd"
"Rush Administrative Services Inc","(407) 850-0048","Orlando","FL","32824","9407 Bachman Rd"
"Eagle Rent-A-Car","(407) 523-9222","Orlando","FL","32819","8810 Commodity Cir"
"Action Car Rental","(321) 352-7861","Orlando","FL","32809","8700 S Orange Blossom Trl"
"One Switch Rental Car","(321) 800-6002","Orlando","FL","32812","3255 Mccoy Rd"
"Bargain Truck & Rental","(407) 859-3248","Orlando","FL","32809","8101 Aircenter Ct"
"Berkeley Leasing Division","(407) 856-8590","Orlando","FL","32809","2455 Premier Row"
"Americar Truc K Rental","(407) 601-3079","Orlando","FL","32807","6365 E Colonial Dr"
"Heitzelmans Truck Ctr Rental","(407) 292-3510","Orlando","FL","32804","2901 N John Young Pkwy"
"Erac-0747","(407) 480-3330","Orlando","FL","32804","2055 W Colonial Dr"
"Idealease Inc","(407) 849-6440","Orlando","FL","32805","2300 S Division Ave"
"Ryder","(407) 898-4677","Orlando","FL","32803","751 N Mills Ave"
"American Fleet & Lease Consultants Inc","(407) 648-5114","Orlando","FL","32803","133 E Marks St"
"Progressive Capital Group","(407) 849-3670","Orlando","FL","32801","545 Delaney Ave Ste 9"
"Coleman American","(407) 851-2770","Orlando","FL","32824","9143 Boggy Creek Rd"
"Discount Truck & Van Rentals","(407) 855-3434","Orlando","FL","32812","2901 Mccoy Rd"
"Sebastian Moving and More","(407) 466-6455","Orlando","FL","32810","6375 N Orange Blossom Trl"
"Cumberland Idealease","(407) 295-9777","Orlando","FL","32810","4900 N Orange Blossom Trl"
"Rush Truck Center, Orlando","(407) 298-1000","Orlando","FL","32804","2424 N John Young Pkwy"
"Craters And Freighters","(407) 854-0404","Orlando","FL","32804","2517 Shader Rd Unit 3"
"Orlando Movers","(407) 434-1536","Orlando","FL","32801",""
"The Storage Mall","(716) 731-6680","Niagara Falls","NY","14304","2595 Niagara Falls Blvd"
"J J Truck Sales Service","(716) 685-1316","Lancaster","NY","14086","1 Cadby Industrial Pkwy"
"Transervice Lease Corp","(716) 810-1074","East Amherst","NY","14051","9640 Transit Rd"
"Hugill Storage Inc","(716) 775-3500","Grand Island","NY","14072","2761 Bedell Rd"
"Fisher Carting and Moving Inc","(716) 649-2352","Hamburg","NY","14075","5735 Maelou Dr"
"Room To Spare Storage","(716) 636-4620","East Amherst","NY","14051","7545 Transit Rd"
"B & S Mini Storage","(716) 649-0806","Hamburg","NY","14075","5255 Southwestern Blvd"
"Sovran Self Storage","(716) 633-1850","Williamsville","NY","14221","6467 Main St"
"Premier Self Storage","(716) 696-6100","Tonawanda","NY","14150","105 Hospitality Centre Way"
"Hamburg Self Storage","(716) 646-4600","Hamburg","NY","14075","5139 Southwestern Blvd"
"Advantage Self Storage","(716) 575-2008","Depew","NY","14043","2938 Walden Ave"
"Lancaster Self Storage","(716) 202-2299","Bowmansville","NY","14026","6509 Transit Rd"
"Regional International of WNY (formerly Hanson International Trucks Inc.)","(716) 681-9500","Buffalo","NY","14225","2425 Walden Ave"
"Spare Room Self Storage","(716) 895-7250","Buffalo","NY","14206","1545 William St"
"Life Storage","(716) 674-6055","Buffalo","NY","14224","2802 Transit Rd"
"Dollar Rent A Car","(716) 430-1370","Buffalo","NY","14203","48 Swan St"
"Orchard Park Auto Exchange","(716) 674-7450","Buffalo","NY","14224","620 Orchard Park Rd"
"Thrifty Car Rental","(716) 632-8400","Buffalo","NY","14225","4301 Genesee St"
"National Car Rental","(833) 813-5271","Buffalo","NY","14225","4200 Genesee St"
"Enterprise Rent-A-Car","(716) 677-5800","Buffalo","NY","14224","130 Orchard Park Rd"
"DeCarolis Truck Rental","(716) 855-4677","Buffalo","NY","14206","1300 William St"
"Ryder","(716) 686-9452","Buffalo","NY","14225","2701 Walden Ave"
"Enterprise Rent-A-Car","(305) 633-0377","Miami","FL","33142","3975 NW South River Dr"
"Family Auto Rental","(786) 373-3083","Miami","FL","33142","3900 NW 25th St Ste 408"
"National Car Rental","(844) 887-8399","Miami","FL","33142","3900 NW 25th St"
"US 1 Van Lines","(305) 754-2214","Miami","FL","33150","650 NW 105th St"
"Plar Inc","(305) 513-9712","Miami","FL","33172",""
"Prestige Luxury Auto Rental","(305) 513-9712","Miami","FL","33178",""
"A Plus Truck Rentals","(305) 232-1000","Miami","FL","33101",""
"Gelco 2001","(305) 305-2520","Miami","FL","33186","14341 SW 120th St Ste 102"
"Gp Rentacar","(305) 418-2069","Miami","FL","33166","8570 NW 61st St"
"Davila Truck Maintenance","(786) 615-7531","Miami","FL","33122","3315 NW 70th Ave"
"27th Avenue Trucks & Van Inc","(305) 835-9030","Miami","FL","33147","8975 NW 27th Ave"
"B B Car Rental Service","(786) 899-0988","Miami","FL","33147","2495 NW 77th Ter"
"Jota Mais VIP Conceirge","(305) 377-0090","Miami","FL","33131","1000 Brickell Ave Ste 102"
"Snew Frontier Rent A Car","(305) 461-1501","Miami","FL","33126","4387 NW 7th St"
"Bakhos Rent A Car","(786) 232-0909","Miami","FL","33126","4387 NW 7th St"
"Enerlapt Enerlapt","(786) 871-7376","Miami","FL","33130","175 SW 7th St"
"Vicar USA Rental Car","(305) 492-8008","Miami","FL","33142","3995 NW 26th St"
"Miami Go Rent A Car","(305) 638-6399","Miami","FL","33142","3396 NW South River Dr"
"Vanguard Car Rental","(305) 423-2104","Miami","FL","33142","2301 NW 33rd Ave"
"Kendall Truck Rentals Inc","(305) 495-1865","Miami","FL","33186","13901 SW 143rd Ct"
"Bentley Truck Services Inc","(305) 477-3031","Miami","FL","33122","3555 NW 77th Ave"
"All Cash Deposit Rent A Car","(305) 300-0090","Miami","FL","33126",""
"Ryder","(305) 633-7497","Miami","FL","33142","3600 NW 54th St"
"Blue Self Storage","(305) 754-8864","Miami","FL","33138","8650 Biscayne Blvd"
